CustomerID,Recency,Frequency,Monetary,Segment
12346,326,1,77183.6,Clients réguliers
12347,2,7,4310.0,Meilleurs clients
12348,75,4,1437.24,Clients réguliers
12349,19,1,1457.55,Récents peu actifs
12350,310,1,294.4,Clients perdus
12352,36,7,1385.74,Clients réguliers
12353,204,1,89.0,Clients perdus
12354,232,1,1079.4,Clients perdus
12355,214,1,459.4,Clients perdus
12356,23,3,2487.43,Clients réguliers
12357,33,1,6207.67,Clients réguliers
12358,2,2,928.0600000000001,Récents peu actifs
12359,58,4,6310.03,Clients réguliers
12360,52,3,2302.06,Clients réguliers
12361,287,1,174.9,Clients perdus
12362,3,10,4737.23,Meilleurs clients
12363,110,2,552.0,Clients perdus
12364,8,4,1208.1,Récents peu actifs
12365,291,1,320.69,Clients perdus
12367,4,1,150.9,Récents peu actifs
12370,51,4,3421.94,Clients réguliers
12371,60,1,1527.96,Clients réguliers
12372,72,3,1196.04,Clients réguliers
12373,311,1,324.6,Clients perdus
12374,25,1,622.93,Récents peu actifs
12375,11,2,377.5,Récents peu actifs
12377,315,2,1548.12,Clients réguliers
12378,130,1,4008.62,Clients réguliers
12379,82,2,777.24,Clients réguliers
12380,22,4,2427.81,Clients réguliers
12381,5,3,1474.81,Récents peu actifs
12383,185,5,1628.56,Clients réguliers
12384,29,2,425.27000000000004,Récents peu actifs
12386,338,2,401.9,Clients perdus
12388,16,6,2780.66,Meilleurs clients
12390,80,1,504.84000000000003,Clients perdus
12391,22,1,439.66,Récents peu actifs
12393,72,4,1582.6000000000001,Clients réguliers
12394,64,2,1080.48,Clients réguliers
12395,19,12,2682.63,Meilleurs clients
12397,36,2,2214.9,Clients réguliers
12398,46,1,1435.66,Clients réguliers
12399,119,4,1033.65,Clients réguliers
12401,303,1,69.3,Clients perdus
12402,323,1,195.6,Clients perdus
12403,50,1,391.7,Clients perdus
12405,149,1,1390.39,Clients perdus
12406,22,2,3415.3,Clients réguliers
12407,50,5,1507.1200000000001,Clients réguliers
12408,33,5,2618.55,Clients réguliers
12409,79,3,11072.67,Clients réguliers
12410,309,2,533.33,Clients perdus
12412,75,3,1142.88,Clients réguliers
12413,67,3,686.1,Clients réguliers
12414,217,3,442.41,Clients perdus
12415,24,20,124564.53,Meilleurs clients
12417,3,9,3226.1,Meilleurs clients
12418,113,1,668.58,Clients perdus
12420,64,1,600.39,Clients perdus
12421,16,4,639.04,Récents peu actifs
12422,96,3,683.5600000000001,Clients réguliers
12423,1,8,1634.31,Meilleurs clients
12424,163,2,1760.96,Clients réguliers
12425,78,1,777.2,Clients perdus
12426,195,1,510.73,Clients perdus
12427,22,3,699.8,Récents peu actifs
12428,26,8,6405.26,Meilleurs clients
12429,9,4,3388.4,Meilleurs clients
12430,43,1,216.4,Clients perdus
12431,36,15,6314.95,Meilleurs clients
12432,43,4,4359.32,Clients réguliers
12433,1,7,13375.87,Meilleurs clients
12434,85,2,806.14,Clients réguliers
12435,80,2,7829.89,Clients réguliers
12436,100,1,429.01000000000005,Clients perdus
12437,2,18,4447.41,Meilleurs clients
12438,14,2,2466.85,Clients réguliers
12441,367,1,155.55,Clients perdus
12442,3,1,144.06,Récents peu actifs
12444,21,5,4085.46,Clients réguliers
12445,22,1,77.4,Récents peu actifs
12446,58,1,1002.3100000000001,Clients perdus
12447,243,1,431.49,Clients perdus
12448,44,1,365.45,Clients perdus
12449,22,4,3596.29,Clients réguliers
12450,156,2,197.88,Clients perdus
12451,11,5,8995.52,Meilleurs clients
12452,17,1,348.57,Récents peu actifs
12453,134,1,707.09,Clients perdus
12454,56,1,3528.34,Clients réguliers
12455,73,5,2339.86,Clients réguliers
12456,44,3,2581.04,Clients réguliers
12457,66,6,2043.23,Clients réguliers
12458,71,2,787.4,Clients réguliers
12461,155,1,626.88,Clients perdus
12462,19,2,937.59,Récents peu actifs
12463,53,4,1200.78,Clients réguliers
12464,10,8,957.05,Meilleurs clients
12465,17,2,682.1899999999999,Récents peu actifs
12468,188,2,657.54,Clients perdus
12471,2,27,17388.649999999998,Meilleurs clients
12472,32,7,6068.11,Meilleurs clients
12473,54,3,2585.73,Clients réguliers
12474,17,18,6694.09,Meilleurs clients
12475,54,1,669.38,Clients perdus
12476,16,11,5898.42,Meilleurs clients
12477,23,6,13219.74,Meilleurs clients
12478,4,1,545.99,Récents peu actifs
12479,11,1,473.2,Récents peu actifs
12480,28,4,2885.63,Clients réguliers
12481,23,10,5003.82,Meilleurs clients
12483,17,8,1910.98,Meilleurs clients
12484,35,4,3939.32,Clients réguliers
12488,10,3,1244.66,Récents peu actifs
12489,336,1,298.93,Clients perdus
12490,5,10,4859.93,Meilleurs clients
12491,39,1,424.40000000000003,Récents peu actifs
12492,63,2,227.21,Clients perdus
12493,166,2,415.74,Clients perdus
12494,16,7,1084.1000000000001,Clients réguliers
12497,82,1,953.1,Clients perdus
12498,21,3,349.70000000000005,Récents peu actifs
12500,23,11,4059.82,Meilleurs clients
12501,337,1,2025.39,Clients perdus
12502,96,5,2995.87,Clients réguliers
12504,18,2,428.04999999999995,Récents peu actifs
12506,233,1,73.5,Clients perdus
12507,134,3,1052.81,Clients réguliers
12508,26,2,397.88,Récents peu actifs
12509,284,1,158.5,Clients perdus
12510,143,2,814.5699999999999,Clients perdus
12512,66,2,132.18,Clients perdus
12513,113,1,558.29,Clients perdus
12514,267,1,1017.68,Clients perdus
12515,353,1,278.7,Clients perdus
12516,78,2,1186.06,Clients réguliers
12517,28,4,2301.6,Clients réguliers
12518,1,5,1840.89,Meilleurs clients
12519,64,1,276.84,Clients perdus
12520,79,5,2346.2599999999998,Clients réguliers
12521,143,1,545.68,Clients perdus
12522,39,2,156.72,Récents peu actifs
12523,19,11,1699.77,Meilleurs clients
12524,9,8,3945.72,Meilleurs clients
12526,1,3,1172.66,Récents peu actifs
12527,82,3,330.71000000000004,Clients perdus
12528,9,6,1645.48,Meilleurs clients
12530,60,4,1500.28,Clients réguliers
12531,15,1,125.22,Récents peu actifs
12532,30,1,313.83000000000004,Récents peu actifs
12534,131,1,981.18,Clients perdus
12535,92,2,716.35,Clients perdus
12536,59,1,4279.71,Clients réguliers
12538,29,1,363.95,Récents peu actifs
12539,22,4,5568.35,Clients réguliers
12540,20,17,11580.24,Meilleurs clients
12541,30,3,841.18,Clients réguliers
12544,36,1,316.7,Récents peu actifs
12545,75,2,832.39,Clients réguliers
12546,47,2,1021.5,Clients réguliers
12547,198,2,151.79999999999998,Clients perdus
12548,166,1,67.19999999999999,Clients perdus
12550,79,1,824.83,Clients perdus
12551,358,1,168.0,Clients perdus
12552,40,1,317.82,Récents peu actifs
12553,8,10,3278.28,Meilleurs clients
12556,50,2,599.56,Récents peu actifs
12557,16,5,11990.960000000001,Meilleurs clients
12558,8,1,269.96,Récents peu actifs
12559,311,2,525.71,Clients perdus
12560,5,2,1918.01,Récents peu actifs
12561,303,1,238.85,Clients perdus
12562,8,7,3385.7400000000002,Meilleurs clients
12564,261,1,402.9,Clients perdus
12565,289,1,145.92,Clients perdus
12566,86,1,297.65,Clients perdus
12567,23,10,8609.28,Meilleurs clients
12569,2,32,3152.69,Meilleurs clients
12571,40,2,519.61,Récents peu actifs
12572,9,2,912.42,Récents peu actifs
12573,227,1,160.54000000000002,Clients perdus
12574,316,1,182.45000000000002,Clients perdus
12576,36,5,1315.83,Clients réguliers
12577,35,3,622.65,Clients réguliers
12578,21,2,2402.51,Clients réguliers
12579,78,1,386.42,Clients perdus
12580,247,1,379.7,Clients perdus
12581,40,1,179.71,Clients perdus
12582,239,2,351.36,Clients perdus
12583,3,15,6705.38,Meilleurs clients
12584,4,9,2254.15,Meilleurs clients
12585,234,2,1824.1,Clients réguliers
12586,17,1,196.94000000000003,Récents peu actifs
12587,8,1,104.0,Récents peu actifs
12588,39,1,174.89999999999998,Clients perdus
12589,29,2,574.68,Récents peu actifs
12590,211,1,9341.26,Clients réguliers
12591,317,1,368.85,Clients perdus
12592,92,2,401.6,Clients perdus
12593,109,3,382.09999999999997,Clients perdus
12594,38,9,3208.2200000000003,Meilleurs clients
12596,51,2,450.27,Récents peu actifs
12597,19,4,3195.22,Clients réguliers
12598,10,7,2807.08,Meilleurs clients
12599,29,7,888.58,Clients réguliers
12600,29,10,2311.04,Meilleurs clients
12601,190,5,487.06,Clients réguliers
12602,59,1,153.12,Clients perdus
12603,22,1,613.1999999999999,Récents peu actifs
12604,79,2,236.18,Clients perdus
12607,60,1,1579.51,Clients réguliers
12609,78,3,964.85,Clients réguliers
12610,23,4,1747.54,Clients réguliers
12611,52,1,1193.32,Clients réguliers
12612,74,1,668.0400000000001,Clients perdus
12613,57,4,3092.38,Clients réguliers
12614,278,1,315.6,Clients perdus
12615,2,4,2093.19,Meilleurs clients
12616,95,2,641.3,Clients perdus
12617,29,1,352.98,Récents peu actifs
12618,22,1,137.31,Récents peu actifs
12619,16,8,2945.56,Meilleurs clients
12620,15,3,1303.41,Clients réguliers
12621,2,20,12411.67,Meilleurs clients
12622,232,1,162.1,Clients perdus
12623,276,1,269.1,Clients perdus
12624,106,2,569.13,Clients perdus
12625,212,2,2413.82,Clients réguliers
12626,23,9,5954.48,Meilleurs clients
12627,11,6,4082.53,Meilleurs clients
12628,4,3,732.46,Récents peu actifs
12630,10,2,1030.88,Récents peu actifs
12631,57,1,480.5,Clients perdus
12633,59,4,1929.98,Clients réguliers
12635,90,2,1509.18,Clients réguliers
12637,67,8,5804.9,Clients réguliers
12638,33,1,511.69,Récents peu actifs
12639,239,1,366.1,Clients perdus
12640,24,3,994.58,Clients réguliers
12641,115,1,145.9,Clients perdus
12642,25,3,905.26,Clients réguliers
12643,128,6,3041.64,Clients réguliers
12644,130,1,477.91,Clients perdus
12645,34,4,1631.18,Clients réguliers
12646,5,2,1346.97,Récents peu actifs
12647,22,12,3146.82,Meilleurs clients
12648,155,1,300.05,Clients perdus
12649,107,3,569.51,Clients réguliers
12650,3,1,242.44000000000003,Récents peu actifs
12651,335,1,114.0,Clients perdus
12652,331,1,793.98,Clients perdus
12653,149,2,2209.85,Clients réguliers
12654,11,5,529.98,Récents peu actifs
12656,17,5,3619.17,Clients réguliers
12657,11,4,1427.18,Clients réguliers
12658,19,1,632.05,Récents peu actifs
12659,30,1,73.68,Clients perdus
12660,11,1,227.1,Récents peu actifs
12662,1,11,3543.78,Meilleurs clients
12664,8,9,4391.88,Meilleurs clients
12665,325,1,45.0,Clients perdus
12667,58,1,460.13,Clients perdus
12668,12,4,3177.15,Clients réguliers
12669,151,2,1427.73,Clients réguliers
12670,10,5,2744.05,Meilleurs clients
12672,330,1,225.89999999999998,Clients perdus
12673,5,2,574.52,Récents peu actifs
12674,39,4,1844.6,Clients réguliers
12676,25,6,1091.39,Clients réguliers
12678,42,10,16481.46,Meilleurs clients
12679,59,4,951.02,Clients réguliers
12680,1,4,790.81,Récents peu actifs
12681,15,22,12365.54,Meilleurs clients
12682,4,31,11019.82,Meilleurs clients
12683,4,14,7612.57,Meilleurs clients
12684,8,6,2073.63,Meilleurs clients
12685,28,6,2575.08,Clients réguliers
12686,372,1,71.14,Clients perdus
12688,114,1,4873.8099999999995,Clients réguliers
12689,26,2,1139.61,Clients réguliers
12690,206,1,335.01,Clients perdus
12691,28,5,927.8,Clients réguliers
12693,127,4,711.91,Clients réguliers
12694,70,2,761.67,Clients réguliers
12695,7,4,582.1,Récents peu actifs
12697,29,3,757.59,Clients réguliers
12700,8,4,4525.99,Meilleurs clients
12701,80,2,725.71,Clients réguliers
12702,20,1,201.0,Récents peu actifs
12703,71,1,265.55,Clients perdus
12704,7,8,1740.84,Meilleurs clients
12705,15,8,6382.29,Meilleurs clients
12707,292,1,603.42,Clients perdus
12708,30,10,2442.91,Meilleurs clients
12709,15,15,9400.52,Meilleurs clients
12710,97,3,1023.02,Clients réguliers
12712,29,13,3928.13,Meilleurs clients
12713,1,1,794.55,Récents peu actifs
12714,9,5,4294.86,Meilleurs clients
12715,106,1,263.36,Clients perdus
12716,4,2,963.49,Récents peu actifs
12717,151,2,830.98,Clients perdus
12718,71,1,202.25,Clients perdus
12719,5,2,572.95,Récents peu actifs
12720,3,25,5115.7300000000005,Meilleurs clients
12721,32,6,2386.13,Clients réguliers
12722,85,4,979.63,Clients réguliers
12723,4,5,707.07,Récents peu actifs
12724,5,4,923.41,Récents peu actifs
12725,371,1,371.8,Clients perdus
12726,28,7,2411.1,Clients réguliers
12727,11,7,3440.7,Meilleurs clients
12728,71,4,728.33,Clients réguliers
12729,114,1,417.01,Clients perdus
12731,24,12,18751.91,Meilleurs clients
12732,180,1,218.26000000000002,Clients perdus
12733,234,1,383.95,Clients perdus
12734,353,1,110.39999999999999,Clients perdus
12735,315,2,689.5699999999999,Clients perdus
12736,333,1,144.0,Clients perdus
12738,372,1,137.35,Clients perdus
12739,99,1,975.54,Clients perdus
12740,64,1,427.6,Clients perdus
12743,134,2,540.13,Clients perdus
12744,56,4,9120.39,Clients réguliers
12747,2,11,4196.01,Meilleurs clients
12748,1,206,31650.78,Meilleurs clients
12749,4,5,4090.88,Meilleurs clients
12750,129,1,275.88,Clients perdus
12752,81,1,4366.78,Clients réguliers
12753,23,6,21429.39,Meilleurs clients
12754,236,3,3010.74,Clients réguliers
12755,281,2,3811.95,Clients réguliers
12756,87,1,112.07999999999998,Clients perdus
12757,16,9,4176.75,Meilleurs clients
12758,117,2,2791.59,Clients réguliers
12759,52,3,1411.44,Clients réguliers
12762,8,2,1702.52,Récents peu actifs
12763,138,2,494.08,Clients perdus
12764,317,1,1693.88,Clients perdus
12766,4,7,6457.63,Meilleurs clients
12769,239,1,1143.6,Clients perdus
12770,211,1,1351.45,Clients perdus
12772,60,1,752.47,Clients perdus
12775,17,5,1281.04,Clients réguliers
12778,20,6,693.23,Clients réguliers
12779,38,8,3981.36,Meilleurs clients
12781,64,2,786.74,Clients réguliers
12782,5,5,1938.92,Meilleurs clients
12783,2,4,1295.87,Récents peu actifs
12784,15,1,476.82,Récents peu actifs
12785,364,1,255.95,Clients perdus
12787,10,3,418.66,Récents peu actifs
12789,65,1,76.85,Clients perdus
12790,192,1,294.92,Clients perdus
12791,374,1,177.60000000000002,Clients perdus
12792,257,1,344.53999999999996,Clients perdus
12793,335,2,461.48,Clients perdus
12794,53,2,860.41,Clients réguliers
12795,19,1,318.48,Récents peu actifs
12797,366,1,226.03,Clients perdus
12798,10,3,6977.04,Meilleurs clients
12802,187,1,397.58,Clients perdus
12808,37,3,455.65000000000003,Récents peu actifs
12809,178,1,405.31,Clients perdus
12811,262,2,458.85,Clients perdus
12812,45,1,229.64000000000001,Clients perdus
12814,102,1,85.92,Clients perdus
12815,148,2,863.46,Clients perdus
12816,96,2,452.20000000000005,Clients perdus
12817,281,1,126.03999999999999,Clients perdus
12818,262,1,1182.0800000000002,Clients perdus
12820,3,4,942.34,Récents peu actifs
12821,214,1,92.72,Clients perdus
12822,71,2,948.88,Clients réguliers
12823,75,5,1759.5,Clients réguliers
12824,60,1,397.12,Clients perdus
12826,3,7,1474.72,Meilleurs clients
12827,6,3,430.15000000000003,Récents peu actifs
12828,3,6,1018.71,Meilleurs clients
12829,337,2,293.0,Clients perdus
12830,38,6,6814.64,Clients réguliers
12831,262,1,215.05,Clients perdus
12832,32,2,383.03,Récents peu actifs
12833,145,1,417.38,Clients perdus
12834,283,1,312.38,Clients perdus
12836,59,4,2610.36,Clients réguliers
12837,173,1,134.1,Clients perdus
12838,34,2,671.95,Récents peu actifs
12839,3,14,5591.42,Meilleurs clients
12840,144,4,2726.77,Clients réguliers
12841,5,25,3991.58,Meilleurs clients
12842,70,2,1118.99,Clients réguliers
12843,66,8,1702.26,Clients réguliers
12844,29,2,325.96000000000004,Récents peu actifs
12845,267,4,354.09,Clients perdus
12847,22,1,843.64,Récents peu actifs
12849,31,2,992.65,Clients réguliers
12851,97,1,131.81,Clients perdus
12852,295,1,311.55,Clients perdus
12853,135,6,1957.1000000000001,Clients réguliers
12854,79,3,1316.25,Clients réguliers
12855,373,1,38.1,Clients perdus
12856,8,6,2170.78,Meilleurs clients
12857,211,2,1106.4,Clients perdus
12863,52,1,521.2,Clients perdus
12864,138,1,147.12,Clients perdus
12865,26,2,1568.23,Clients réguliers
12866,283,1,499.12,Clients perdus
12867,26,7,4009.34,Meilleurs clients
12868,186,6,1607.0600000000002,Clients réguliers
12871,84,2,380.64,Clients perdus
12872,327,2,599.97,Clients perdus
12873,282,1,374.0,Clients perdus
12875,143,2,343.2300000000001,Clients perdus
12876,58,2,2053.02,Clients réguliers
12877,4,12,1535.77,Meilleurs clients
12878,236,2,854.99,Clients perdus
12879,45,3,573.22,Clients réguliers
12881,276,1,298.0,Clients perdus
12882,9,2,1463.04,Récents peu actifs
12883,25,4,703.47,Clients réguliers
12884,88,1,309.05,Clients perdus
12885,63,3,1175.22,Clients réguliers
12886,68,2,1378.4,Clients réguliers
12888,214,2,354.12,Clients perdus
12890,24,1,376.71999999999997,Récents peu actifs
12891,186,3,331.0,Clients perdus
12893,31,1,176.55,Récents peu actifs
12895,42,2,372.8,Récents peu actifs
12897,205,2,216.5,Clients perdus
12901,9,28,17654.54,Meilleurs clients
12902,265,1,138.68,Clients perdus
12904,18,2,496.06,Récents peu actifs
12906,12,5,2919.81,Meilleurs clients
12908,176,2,750.0,Clients perdus
12909,40,5,2178.67,Clients réguliers
12910,23,8,3075.04,Meilleurs clients
12912,3,5,1662.3,Meilleurs clients
12913,5,5,2483.63,Meilleurs clients
12915,149,2,363.65,Clients perdus
12916,139,4,2944.95,Clients réguliers
12917,128,1,594.0,Clients perdus
12919,8,6,1335.19,Meilleurs clients
12920,17,1,162.78,Récents peu actifs
12921,9,37,16587.09,Meilleurs clients
12922,161,1,405.38,Clients perdus
12923,64,1,171.57,Clients perdus
12924,88,4,925.75,Clients réguliers
12925,5,2,694.05,Récents peu actifs
12928,35,5,2062.7000000000003,Clients réguliers
12929,312,1,117.85,Clients perdus
12930,78,2,415.8,Clients perdus
12931,22,15,42055.96,Meilleurs clients
12933,24,3,607.53,Récents peu actifs
12935,2,7,2160.7,Meilleurs clients
12936,17,4,1063.9,Clients réguliers
12937,15,4,1504.27,Clients réguliers
12938,26,1,114.14,Récents peu actifs
12939,64,8,11581.8,Meilleurs clients
12940,55,2,899.69,Clients réguliers
12942,131,3,675.6,Clients réguliers
12944,36,2,604.51,Récents peu actifs
12945,288,1,462.95,Clients perdus
12947,144,6,1603.99,Clients réguliers
12948,16,7,2064.95,Meilleurs clients
12949,31,8,4167.22,Meilleurs clients
12950,2,3,1843.0,Récents peu actifs
12951,9,6,1064.07,Clients réguliers
12952,6,4,1387.79,Récents peu actifs
12953,10,1,329.85,Récents peu actifs
12955,1,11,4757.16,Meilleurs clients
12956,306,1,108.07,Clients perdus
12957,10,8,4017.54,Meilleurs clients
12962,7,2,266.39,Récents peu actifs
12963,8,8,1856.63,Meilleurs clients
12965,89,1,769.8100000000001,Clients perdus
12966,10,1,160.18,Récents peu actifs
12967,358,2,1660.9,Clients réguliers
12968,112,1,135.95,Clients perdus
12970,7,4,405.47,Récents peu actifs
12971,4,86,11189.91,Meilleurs clients
12974,198,1,144.8,Clients perdus
12976,212,1,738.6,Clients perdus
12977,156,1,39.239999999999995,Clients perdus
12980,158,9,7374.900000000001,Clients réguliers
12981,30,2,372.21999999999997,Récents peu actifs
12982,243,1,390.54,Clients perdus
12984,19,1,97.5,Récents peu actifs
12985,1,2,1239.38,Récents peu actifs
12987,74,2,558.7,Clients perdus
12988,292,1,505.82,Clients perdus
12989,3,15,6924.110000000001,Meilleurs clients
12990,31,3,409.5,Récents peu actifs
12991,23,2,503.76,Récents peu actifs
12993,23,4,414.76,Récents peu actifs
12994,4,3,974.4200000000001,Récents peu actifs
12995,85,1,211.32,Clients perdus
12997,22,4,1226.89,Clients réguliers
12999,196,3,455.88,Clients perdus
13000,107,3,534.85,Clients réguliers
13001,4,13,9785.970000000001,Meilleurs clients
13002,318,1,120.94999999999999,Clients perdus
13003,106,3,149.05,Clients perdus
13004,12,18,5655.91,Meilleurs clients
13005,174,2,513.7,Clients perdus
13006,56,1,81.57,Clients perdus
13008,323,1,229.46999999999997,Clients perdus
13011,372,1,50.550000000000004,Clients perdus
13012,9,8,1646.8400000000001,Meilleurs clients
13013,1,13,4810.9400000000005,Meilleurs clients
13014,11,10,3466.2799999999997,Meilleurs clients
13015,53,5,3339.64,Clients réguliers
13016,73,3,789.89,Clients réguliers
13017,7,1,204.0,Récents peu actifs
13018,16,28,7277.7,Meilleurs clients
13021,4,9,2616.38,Meilleurs clients
13023,64,2,599.9,Clients réguliers
13026,1,5,975.36,Meilleurs clients
13027,114,6,6912.0,Clients réguliers
13028,23,2,661.3199999999999,Récents peu actifs
13029,31,3,1247.5,Clients réguliers
13030,11,2,752.4399999999999,Récents peu actifs
13032,52,2,1010.18,Clients réguliers
13033,357,1,190.55,Clients perdus
13034,55,2,642.77,Clients réguliers
13035,74,2,921.88,Clients réguliers
13037,138,3,881.07,Clients réguliers
13038,80,3,908.46,Clients réguliers
13040,9,2,676.99,Récents peu actifs
13043,273,1,516.42,Clients perdus
13044,291,1,560.47,Clients perdus
13045,99,1,305.28000000000003,Clients perdus
13046,31,2,629.31,Récents peu actifs
13047,57,9,3232.59,Clients réguliers
13048,14,4,1819.41,Clients réguliers
13049,64,2,656.6800000000001,Clients réguliers
13050,15,17,5833.11,Meilleurs clients
13052,212,1,348.15000000000003,Clients perdus
13055,78,3,1214.41,Clients réguliers
13058,25,3,271.40000000000003,Récents peu actifs
13059,250,1,183.4,Clients perdus
13060,254,1,307.53,Clients perdus
13061,72,1,248.61,Clients perdus
13062,191,1,346.98,Clients perdus
13064,13,4,1105.59,Clients réguliers
13065,373,1,205.86,Clients perdus
13066,24,2,470.8,Récents peu actifs
13067,82,1,115.46000000000001,Clients perdus
13068,10,2,344.0,Récents peu actifs
13069,1,24,4431.44,Meilleurs clients
13070,192,1,228.8,Clients perdus
13072,267,1,177.15,Clients perdus
13075,130,1,919.61,Clients perdus
13077,1,4,728.02,Récents peu actifs
13078,3,26,12627.94,Meilleurs clients
13079,4,5,220.10000000000002,Récents peu actifs
13080,179,1,58.08,Clients perdus
13081,12,11,28337.38,Meilleurs clients
13082,126,9,3613.63,Clients réguliers
13083,4,2,303.75,Récents peu actifs
13085,158,2,416.08000000000004,Clients perdus
13089,3,97,58762.08,Meilleurs clients
13090,9,13,8895.82,Meilleurs clients
13091,28,1,345.82,Récents peu actifs
13092,71,5,477.83,Clients réguliers
13093,276,8,7832.47,Clients réguliers
13094,21,12,1927.3200000000002,Meilleurs clients
13095,71,1,74.39999999999999,Clients perdus
13097,33,10,6003.22,Meilleurs clients
13098,1,28,28882.44,Meilleurs clients
13099,99,1,207.35999999999999,Clients perdus
13101,234,1,101.19,Clients perdus
13102,1,24,6424.09,Meilleurs clients
13103,40,1,243.94,Clients perdus
13104,3,6,1098.48,Meilleurs clients
13106,133,1,76.5,Clients perdus
13107,44,4,1531.6200000000001,Clients réguliers
13108,373,1,350.06,Clients perdus
13109,60,2,786.54,Clients réguliers
13110,31,7,1488.67,Clients réguliers
13113,1,24,12245.960000000001,Meilleurs clients
13115,12,4,2294.78,Clients réguliers
13116,138,1,501.14,Clients perdus
13117,22,8,984.91,Clients réguliers
13118,20,5,1197.81,Clients réguliers
13120,239,1,30.599999999999998,Clients perdus
13121,269,1,283.73,Clients perdus
13122,94,2,922.39,Clients réguliers
13124,90,3,3756.33,Clients réguliers
13126,5,8,2099.64,Meilleurs clients
13127,78,1,259.17,Clients perdus
13130,94,1,64.0,Clients perdus
13131,23,3,1073.3,Clients réguliers
13132,262,1,77.3,Clients perdus
13133,274,2,109.8,Clients perdus
13134,86,4,1793.58,Clients réguliers
13135,197,1,3096.0,Clients réguliers
13136,56,5,2607.61,Clients réguliers
13137,11,8,3603.29,Meilleurs clients
13138,22,6,962.39,Clients réguliers
13139,16,7,5064.94,Meilleurs clients
13140,108,3,422.47,Clients perdus
13141,85,5,2388.75,Clients réguliers
13142,19,1,307.09,Récents peu actifs
13144,333,1,110.95,Clients perdus
13145,40,4,618.52,Clients réguliers
13146,26,1,228.91,Récents peu actifs
13147,10,4,712.8000000000001,Récents peu actifs
13148,29,12,3683.26,Meilleurs clients
13149,14,4,1676.06,Clients réguliers
13151,296,1,1257.8700000000001,Clients perdus
13153,6,1,486.22,Récents peu actifs
13155,33,4,971.76,Clients réguliers
13157,49,4,1741.22,Clients réguliers
13158,95,4,1201.06,Clients réguliers
13159,9,4,1429.35,Clients réguliers
13160,22,1,91.8,Récents peu actifs
13161,313,1,112.75,Clients perdus
13162,122,4,1688.29,Clients réguliers
13165,46,2,1021.48,Clients réguliers
13166,283,1,417.2,Clients perdus
13167,19,4,779.33,Clients réguliers
13168,36,4,1299.59,Clients réguliers
13169,64,2,712.88,Clients réguliers
13170,27,1,108.81,Récents peu actifs
13171,22,3,468.41,Récents peu actifs
13173,4,2,353.65,Récents peu actifs
13174,16,3,2738.82,Clients réguliers
13176,46,1,481.49,Clients perdus
13177,65,1,282.45,Clients perdus
13178,26,11,5725.47,Meilleurs clients
13182,45,1,121.18,Clients perdus
13183,8,9,3957.78,Meilleurs clients
13184,15,10,1667.95,Meilleurs clients
13185,268,1,71.4,Clients perdus
13186,40,3,1575.89,Clients réguliers
13187,337,1,236.02,Clients perdus
13188,11,1,114.60000000000001,Récents peu actifs
13189,19,2,260.68,Récents peu actifs
13192,95,2,911.94,Clients réguliers
13193,61,1,112.08,Clients perdus
13194,136,1,60.7,Clients perdus
13196,11,4,1797.78,Clients réguliers
13198,10,6,3401.2400000000002,Meilleurs clients
13199,4,37,9802.12,Meilleurs clients
13200,19,4,870.09,Clients réguliers
13203,10,4,869.46,Récents peu actifs
13207,15,2,250.26000000000002,Récents peu actifs
13208,59,5,1193.17,Clients réguliers
13209,30,8,5891.61,Meilleurs clients
13210,94,1,353.48,Clients perdus
13211,10,3,1095.42,Récents peu actifs
13212,20,3,786.83,Récents peu actifs
13213,57,5,1520.58,Clients réguliers
13216,268,1,333.74,Clients perdus
13217,122,3,533.98,Clients perdus
13218,127,1,62.63999999999999,Clients perdus
13220,78,4,819.2900000000001,Clients réguliers
13221,240,2,844.86,Clients perdus
13223,200,2,163.20000000000002,Clients perdus
13224,60,2,2152.95,Clients réguliers
13225,3,7,6463.84,Meilleurs clients
13226,273,1,108.21000000000001,Clients perdus
13227,202,1,257.7,Clients perdus
13228,81,1,358.0,Clients perdus
13229,226,1,160.95,Clients perdus
13230,4,14,2755.63,Meilleurs clients
13232,13,7,1327.75,Meilleurs clients
13233,74,2,605.12,Clients perdus
13235,212,1,1031.07,Clients perdus
13236,25,2,744.85,Récents peu actifs
13238,17,4,700.73,Récents peu actifs
13239,262,1,329.56,Clients perdus
13240,96,4,648.7,Clients réguliers
13242,112,3,270.40000000000003,Clients perdus
13243,203,1,585.12,Clients perdus
13244,93,1,121.74000000000001,Clients perdus
13245,51,1,430.5,Clients perdus
13246,18,6,1961.52,Clients réguliers
13247,18,4,501.12,Récents peu actifs
13248,125,2,465.68,Clients perdus
13249,92,3,711.41,Clients réguliers
13253,157,2,1030.4,Clients réguliers
13255,9,2,399.51,Récents peu actifs
13258,12,3,672.83,Récents peu actifs
13259,62,1,283.18,Clients perdus
13260,61,1,557.62,Clients perdus
13261,269,2,944.1,Clients perdus
13262,263,1,200.29,Clients perdus
13263,1,35,7426.71,Meilleurs clients
13265,53,5,2092.66,Clients réguliers
13266,11,12,3834.2599999999998,Meilleurs clients
13267,3,19,4521.49,Meilleurs clients
13268,18,10,3152.71,Meilleurs clients
13269,1,15,5343.28,Meilleurs clients
13270,366,1,590.0,Clients perdus
13271,37,1,211.49,Récents peu actifs
13272,31,2,276.56,Récents peu actifs
13273,113,1,138.98,Clients perdus
13276,64,2,590.9300000000001,Clients perdus
13277,16,4,258.4,Récents peu actifs
13278,41,1,542.73,Récents peu actifs
13279,78,1,137.75,Clients perdus
13280,122,3,798.46,Clients réguliers
13282,18,3,1132.14,Clients réguliers
13283,60,2,93.66,Clients perdus
13284,331,1,201.19,Clients perdus
13285,23,4,2709.12,Clients réguliers
13291,156,1,361.11,Clients perdus
13292,39,2,578.9399999999999,Récents peu actifs
13294,190,2,873.74,Clients perdus
13295,360,1,201.20000000000002,Clients perdus
13296,137,1,87.4,Clients perdus
13297,8,4,2089.85,Clients réguliers
13298,1,1,360.0,Récents peu actifs
13299,268,1,142.5,Clients perdus
13300,169,1,371.89,Clients perdus
13301,104,4,600.19,Clients réguliers
13302,155,1,63.75,Clients perdus
13304,351,1,300.42,Clients perdus
13305,4,10,2000.86,Meilleurs clients
13307,120,1,15.0,Clients perdus
13308,23,3,1385.51,Clients réguliers
13309,7,5,1456.79,Meilleurs clients
13310,28,3,1132.03,Clients réguliers
13311,4,2,598.57,Récents peu actifs
13313,22,5,1555.32,Clients réguliers
13314,2,3,775.94,Récents peu actifs
13316,37,4,5732.93,Clients réguliers
13317,66,6,2273.68,Clients réguliers
13318,1,3,640.76,Récents peu actifs
13319,5,26,10845.550000000001,Meilleurs clients
13320,78,4,1532.2,Clients réguliers
13321,72,2,567.36,Clients perdus
13322,17,1,199.48000000000002,Récents peu actifs
13323,3,5,787.85,Récents peu actifs
13324,36,10,7121.95,Meilleurs clients
13325,82,1,675.3,Clients perdus
13327,39,8,3627.77,Clients réguliers
13328,316,1,1308.48,Clients perdus
13329,32,2,789.0,Récents peu actifs
13330,93,3,1140.93,Clients réguliers
13332,14,1,350.9,Récents peu actifs
13334,82,3,3502.32,Clients réguliers
13336,77,1,795.12,Clients perdus
13338,158,1,487.02,Clients perdus
13339,201,1,860.12,Clients perdus
13340,45,7,10736.48,Meilleurs clients
13341,261,1,775.85,Clients perdus
13343,178,1,353.43,Clients perdus
13344,68,3,2511.69,Clients réguliers
13345,288,1,389.5,Clients perdus
13347,70,1,341.36,Clients perdus
13348,64,1,233.76,Clients perdus
13349,11,1,247.32,Récents peu actifs
13350,16,2,979.12,Récents peu actifs
13351,66,1,373.94,Clients perdus
13352,60,1,397.97999999999996,Clients perdus
13354,71,1,743.53,Clients perdus
13355,122,1,674.7,Clients perdus
13356,80,1,768.24,Clients perdus
13357,257,1,609.4,Clients perdus
13358,269,1,439.03,Clients perdus
13359,64,1,439.56,Clients perdus
13362,9,4,3090.7400000000002,Meilleurs clients
13363,18,2,992.5,Récents peu actifs
13364,71,1,134.95999999999998,Clients perdus
13365,34,2,2225.37,Clients réguliers
13366,50,1,56.160000000000004,Clients perdus
13368,257,2,623.4,Clients perdus
13369,366,1,308.28000000000003,Clients perdus
13370,372,1,754.87,Clients perdus
13372,90,1,378.64,Clients perdus
13373,61,3,3312.25,Clients réguliers
13375,89,1,778.65,Clients perdus
13376,99,3,1019.76,Clients réguliers
13379,26,3,572.56,Récents peu actifs
13381,32,6,3639.31,Clients réguliers
13382,281,1,222.99,Clients perdus
13384,31,7,4151.93,Meilleurs clients
13385,330,1,534.57,Clients perdus
13388,131,2,677.1,Clients perdus
13389,11,3,797.96,Récents peu actifs
13390,75,1,544.08,Clients perdus
13391,204,1,59.8,Clients perdus
13394,2,8,2520.02,Meilleurs clients
13395,185,1,307.72,Clients perdus
13396,29,2,1360.99,Clients réguliers
13397,73,5,1544.13,Clients réguliers
13398,192,1,457.34,Clients perdus
13402,127,2,621.23,Clients perdus
13403,18,1,75.0,Récents peu actifs
13404,1,2,252.49,Récents peu actifs
13405,74,3,572.451,Clients réguliers
13408,2,62,28117.04,Meilleurs clients
13410,24,5,1003.06,Clients réguliers
13411,107,1,213.55,Clients perdus
13414,134,3,1390.5,Clients réguliers
13416,44,2,712.5,Clients réguliers
13417,5,2,640.83,Récents peu actifs
13418,12,18,6127.43,Meilleurs clients
13419,64,1,221.06,Clients perdus
13420,150,2,159.85,Clients perdus
13421,40,2,1823.21,Clients réguliers
13422,64,1,2626.3,Clients réguliers
13425,108,3,1624.21,Clients réguliers
13426,1,10,3641.32,Meilleurs clients
13427,19,3,582.6,Récents peu actifs
13428,10,1,201.78,Récents peu actifs
13429,11,4,1006.8,Récents peu actifs
13430,19,2,679.45,Récents peu actifs
13431,67,2,1269.1,Clients réguliers
13434,74,2,534.24,Clients perdus
13435,5,7,3809.8900000000003,Meilleurs clients
13436,2,1,196.89,Récents peu actifs
13437,14,7,3408.06,Meilleurs clients
13439,255,1,283.71,Clients perdus
13441,92,1,296.64,Clients perdus
13447,23,3,1129.14,Clients réguliers
13448,17,6,3534.69,Meilleurs clients
13449,24,1,291.88,Récents peu actifs
13450,27,6,2043.7199999999998,Clients réguliers
13451,26,5,2898.2599999999998,Clients réguliers
13452,259,2,590.0,Clients perdus
13453,166,2,356.97999999999996,Clients perdus
13455,25,2,1058.34,Récents peu actifs
13456,18,6,1766.72,Clients réguliers
13458,7,14,9646.57,Meilleurs clients
13460,29,2,183.44,Récents peu actifs
13461,39,3,1445.0,Clients réguliers
13462,253,1,151.5,Clients perdus
13464,58,1,674.68,Clients perdus
13466,184,1,307.9,Clients perdus
13467,11,2,1071.91,Récents peu actifs
13468,2,37,5704.97,Meilleurs clients
13470,99,2,165.0,Clients perdus
13471,1,4,2501.84,Meilleurs clients
13473,61,2,422.64,Clients perdus
13474,236,1,226.84,Clients perdus
13475,191,4,1431.78,Clients réguliers
13476,179,2,1238.47,Clients réguliers
13477,38,6,1454.58,Clients réguliers
13479,201,2,300.95,Clients perdus
13481,46,5,1804.56,Clients réguliers
13482,232,1,184.64,Clients perdus
13483,66,1,140.34,Clients perdus
13484,241,1,313.8,Clients perdus
13485,233,1,454.24,Clients perdus
13486,78,3,1122.41,Clients réguliers
13487,58,3,575.4,Clients réguliers
13488,17,13,8968.31,Meilleurs clients
13489,105,4,449.52,Clients réguliers
13491,52,10,1215.82,Clients réguliers
13492,136,3,1269.84,Clients réguliers
13493,275,2,498.63,Clients perdus
13494,312,1,316.26000000000005,Clients perdus
13495,8,5,2044.8700000000001,Meilleurs clients
13496,11,2,653.33,Récents peu actifs
13497,283,2,348.05,Clients perdus
13499,18,5,1159.11,Clients réguliers
13500,23,3,1166.77,Clients réguliers
13501,288,1,1340.32,Clients perdus
13502,17,3,292.0,Récents peu actifs
13503,71,1,216.85,Clients perdus
13504,64,1,295.93,Clients perdus
13505,73,4,3633.63,Clients réguliers
13506,316,2,458.52,Clients perdus
13507,3,4,2479.16,Meilleurs clients
13508,244,1,110.97,Clients perdus
13509,9,6,964.72,Clients réguliers
13510,1,4,1791.56,Meilleurs clients
13512,261,1,251.21,Clients perdus
13513,127,1,205.1,Clients perdus
13514,74,1,152.20000000000002,Clients perdus
13515,73,4,891.12,Clients réguliers
13516,21,3,1389.41,Clients réguliers
13517,60,3,2128.42,Clients réguliers
13518,86,1,627.16,Clients perdus
13519,78,1,122.75,Clients perdus
13520,59,6,2984.35,Clients réguliers
13521,1,3,1070.47,Récents peu actifs
13522,30,1,125.80000000000001,Récents peu actifs
13523,33,5,3964.88,Clients réguliers
13524,41,5,680.1800000000001,Clients réguliers
13525,15,2,628.78,Récents peu actifs
13527,34,7,2242.36,Clients réguliers
13529,79,2,307.76,Clients perdus
13531,205,2,483.8,Clients perdus
13532,34,1,210.31,Récents peu actifs
13533,183,3,269.09,Clients perdus
13534,2,25,5870.08,Meilleurs clients
13536,1,7,3444.39,Meilleurs clients
13538,43,7,1280.85,Clients réguliers
13539,86,3,631.34,Clients réguliers
13544,40,2,276.06,Récents peu actifs
13546,12,3,621.09,Récents peu actifs
13548,96,2,678.16,Clients perdus
13549,26,7,918.2,Clients réguliers
13551,319,1,91.80000000000001,Clients perdus
13552,66,12,3740.07,Meilleurs clients
13555,74,4,4098.88,Clients réguliers
13557,28,2,584.06,Récents peu actifs
13558,6,4,594.52,Récents peu actifs
13560,7,1,171.42000000000002,Récents peu actifs
13561,216,1,141.85999999999999,Clients perdus
13562,82,3,1799.33,Clients réguliers
13563,84,2,777.53,Clients réguliers
13564,354,2,1174.03,Clients perdus
13565,19,2,240.22,Récents peu actifs
13566,41,2,856.84,Clients réguliers
13568,173,1,187.05,Clients perdus
13569,17,2,337.12,Récents peu actifs
13570,243,1,239.49,Clients perdus
13571,13,12,2088.94,Meilleurs clients
13572,206,1,1384.25,Clients perdus
13573,50,2,290.25,Clients perdus
13575,23,5,732.0699999999999,Clients réguliers
13576,10,18,6717.34,Meilleurs clients
13577,25,4,1687.6000000000001,Clients réguliers
13579,15,2,467.04,Récents peu actifs
13581,309,1,118.0,Clients perdus
13583,156,1,781.03,Clients perdus
13584,307,1,142.4,Clients perdus
13587,64,1,712.4,Clients perdus
13588,16,9,2478.95,Meilleurs clients
13589,15,2,379.65,Récents peu actifs
13590,11,6,1981.92,Meilleurs clients
13591,65,3,1117.13,Clients réguliers
13592,36,4,247.95999999999998,Récents peu actifs
13593,108,5,2011.88,Clients réguliers
13594,53,1,396.97,Clients perdus
13596,6,2,664.11,Récents peu actifs
13598,47,1,160.04,Clients perdus
13599,1,21,5149.92,Meilleurs clients
13600,312,1,219.52,Clients perdus
13601,45,2,693.32,Clients réguliers
13602,65,1,428.89,Clients perdus
13603,26,1,164.34,Récents peu actifs
13606,29,3,276.75,Récents peu actifs
13607,40,1,675.51,Récents peu actifs
13610,12,7,1082.33,Clients réguliers
13611,89,3,1154.4,Clients réguliers
13614,24,4,1585.46,Clients réguliers
13615,319,1,417.69,Clients perdus
13617,40,3,544.18,Clients réguliers
13618,174,1,177.34,Clients perdus
13621,117,1,213.85,Clients perdus
13623,31,5,727.74,Clients réguliers
13626,253,1,257.23,Clients perdus
13627,59,5,1638.47,Clients réguliers
13629,23,11,7792.36,Meilleurs clients
13630,5,7,2031.78,Meilleurs clients
13631,100,11,3070.42,Clients réguliers
13632,25,5,2118.93,Clients réguliers
13634,33,5,1547.3600000000001,Clients réguliers
13635,68,1,1071.03,Clients perdus
13636,37,5,949.12,Clients réguliers
13637,52,3,803.05,Clients réguliers
13638,16,1,122.64,Récents peu actifs
13639,74,1,1033.34,Clients perdus
13642,216,1,312.28,Clients perdus
13643,31,3,519.44,Récents peu actifs
13644,16,4,2624.26,Clients réguliers
13645,120,1,252.1,Clients perdus
13647,10,4,1648.1200000000001,Clients réguliers
13649,257,2,346.6,Clients perdus
13650,17,6,1836.34,Clients réguliers
13651,35,2,94.2,Récents peu actifs
13652,46,3,1095.08,Clients réguliers
13654,43,6,2707.33,Clients réguliers
13655,114,2,932.97,Clients réguliers
13656,165,2,379.65,Clients perdus
13657,11,2,382.14,Récents peu actifs
13658,10,5,2639.17,Meilleurs clients
13659,206,2,1563.0,Clients réguliers
13662,86,3,881.26,Clients réguliers
13663,179,1,189.47,Clients perdus
13666,60,3,84.65,Clients perdus
13667,149,1,299.05,Clients perdus
13668,3,21,6309.83,Meilleurs clients
13669,51,2,218.55,Clients perdus
13670,75,1,349.7,Clients perdus
13672,301,2,186.39000000000001,Clients perdus
13673,19,2,387.44,Récents peu actifs
13675,151,2,486.82000000000005,Clients perdus
13678,152,1,232.6,Clients perdus
13680,1,4,3719.12,Meilleurs clients
13681,18,4,827.83,Clients réguliers
13682,187,1,59.5,Clients perdus
13684,286,1,65.13,Clients perdus
13685,3,7,3119.44,Meilleurs clients
13686,183,1,72.0,Clients perdus
13689,63,1,910.0,Clients perdus
13690,59,1,172.25,Clients perdus
13692,25,3,1488.32,Clients réguliers
13694,4,50,65039.62,Meilleurs clients
13695,31,15,2504.13,Meilleurs clients
13697,39,1,151.29999999999998,Clients perdus
13699,155,1,308.58000000000004,Clients perdus
13700,26,10,2248.63,Meilleurs clients
13703,318,1,99.5,Clients perdus
13704,5,9,2308.06,Meilleurs clients
13705,8,3,711.86,Récents peu actifs
13706,303,1,330.79,Clients perdus
13707,267,2,806.41,Clients perdus
13708,271,1,283.33,Clients perdus
13709,4,13,6307.650000000001,Meilleurs clients
13710,32,1,180.48,Récents peu actifs
13711,219,2,252.06,Clients perdus
13712,247,1,228.84,Clients perdus
13715,281,5,1077.39,Clients réguliers
13716,269,1,138.28,Clients perdus
13717,32,6,1445.01,Clients réguliers
13718,246,2,306.55,Clients perdus
13719,15,5,1041.68,Clients réguliers
13720,117,4,799.9,Clients réguliers
13721,36,1,524.14,Récents peu actifs
13722,132,3,2375.41,Clients réguliers
13723,217,1,199.85000000000002,Clients perdus
13725,50,8,1980.56,Clients réguliers
13726,39,2,1079.6599999999999,Clients réguliers
13727,29,2,333.48,Récents peu actifs
13728,37,6,1016.14,Clients réguliers
13730,136,2,752.6,Clients perdus
13731,219,2,610.59,Clients perdus
13732,28,1,491.86,Récents peu actifs
13735,25,4,2883.54,Clients réguliers
13736,5,2,729.8,Récents peu actifs
13737,200,1,339.59999999999997,Clients perdus
13739,18,1,216.9,Récents peu actifs
13740,241,1,350.75,Clients perdus
13741,72,3,668.4300000000001,Clients réguliers
13742,17,12,3107.87,Meilleurs clients
13743,3,7,1341.6,Meilleurs clients
13744,95,2,1080.52,Clients réguliers
13745,162,1,300.04,Clients perdus
13747,374,1,79.6,Clients perdus
13748,96,5,948.25,Clients réguliers
13750,54,5,1647.26,Clients réguliers
13751,288,1,296.25,Clients perdus
13752,124,6,1175.38,Clients réguliers
13753,288,1,741.26,Clients perdus
13754,152,2,282.59999999999997,Clients perdus
13755,4,9,2108.06,Meilleurs clients
13756,2,14,5189.52,Meilleurs clients
13758,12,7,3190.55,Meilleurs clients
13759,33,2,659.4100000000001,Récents peu actifs
13760,54,2,286.79,Clients perdus
13761,50,2,1070.65,Clients réguliers
13762,219,1,306.72,Clients perdus
13763,63,1,1714.96,Clients réguliers
13764,71,3,1516.42,Clients réguliers
13767,2,37,17220.36,Meilleurs clients
13769,2,10,2796.51,Meilleurs clients
13771,64,4,2634.45,Clients réguliers
13772,34,3,1122.63,Clients réguliers
13774,82,1,345.0,Clients perdus
13777,1,33,25977.16,Meilleurs clients
13778,103,1,178.7,Clients perdus
13780,7,2,360.01,Récents peu actifs
13781,251,1,127.84,Clients perdus
13782,13,6,908.86,Clients réguliers
13784,10,11,2462.79,Meilleurs clients
13786,367,1,230.39999999999998,Clients perdus
13787,76,2,309.04,Clients perdus
13790,4,1,348.8,Récents peu actifs
13791,128,2,1516.0,Clients réguliers
13792,66,2,195.55,Clients perdus
13798,1,57,37153.85,Meilleurs clients
13799,117,2,688.86,Clients perdus
13800,310,1,558.32,Clients perdus
13801,67,1,324.8,Clients perdus
13802,139,3,4599.42,Clients réguliers
13803,255,1,277.07,Clients perdus
13804,31,7,2588.39,Clients réguliers
13805,52,2,924.6,Clients réguliers
13806,64,1,256.38,Clients perdus
13807,367,1,112.6,Clients perdus
13808,6,5,1747.66,Meilleurs clients
13809,305,1,155.05,Clients perdus
13810,29,2,827.51,Récents peu actifs
13811,184,2,519.75,Clients perdus
13812,42,3,485.0,Clients réguliers
13813,40,4,1168.8600000000001,Clients réguliers
13814,92,2,1579.12,Clients réguliers
13815,22,4,3667.36,Clients réguliers
13816,24,2,499.67,Récents peu actifs
13817,29,2,328.98,Récents peu actifs
13819,302,3,1140.35,Clients réguliers
13821,145,2,385.64,Clients perdus
13822,6,2,632.0,Récents peu actifs
13823,19,2,957.66,Récents peu actifs
13824,33,5,1698.94,Clients réguliers
13826,176,1,189.5,Clients perdus
13827,58,3,409.8,Clients réguliers
13828,22,1,209.49,Récents peu actifs
13831,16,6,2198.45,Clients réguliers
13832,19,1,52.199999999999996,Récents peu actifs
13833,159,1,383.85,Clients perdus
13835,25,4,834.57,Clients réguliers
13837,212,2,266.59000000000003,Clients perdus
13838,6,4,674.82,Récents peu actifs
13841,253,1,85.0,Clients perdus
13842,59,9,3385.62,Clients réguliers
13844,11,1,361.62,Récents peu actifs
13845,65,1,312.98,Clients perdus
13846,25,3,865.0600000000001,Clients réguliers
13848,92,3,1255.0,Clients réguliers
13849,52,2,1537.95,Clients réguliers
13850,129,1,1595.48,Clients perdus
13851,96,3,2651.46,Clients réguliers
13853,57,1,1090.14,Clients réguliers
13854,9,25,8109.5199999999995,Meilleurs clients
13856,169,3,388.5,Clients perdus
13858,57,1,216.17,Clients perdus
13859,326,1,201.16,Clients perdus
13860,1,5,1245.9,Meilleurs clients
13862,18,8,2209.36,Meilleurs clients
13863,248,1,305.78,Clients perdus
13865,58,4,501.56,Clients réguliers
13866,74,1,145.67000000000002,Clients perdus
13867,31,3,1005.09,Clients réguliers
13868,7,2,3192.54,Récents peu actifs
13869,123,4,3083.65,Clients réguliers
13870,2,8,2770.94,Meilleurs clients
13871,23,13,6403.25,Meilleurs clients
13873,120,3,389.6,Clients perdus
13874,358,1,540.45,Clients perdus
13875,54,5,1786.79,Clients réguliers
13876,64,1,122.7,Clients perdus
13877,86,1,117.24,Clients perdus
13878,55,1,1271.57,Clients réguliers
13880,21,13,3219.77,Meilleurs clients
13881,4,20,17159.52,Meilleurs clients
13882,3,5,1191.13,Meilleurs clients
13883,11,5,2674.48,Meilleurs clients
13884,7,5,787.6,Récents peu actifs
13885,189,2,506.8,Clients perdus
13886,71,1,243.56,Clients perdus
13887,204,1,349.55,Clients perdus
13888,120,2,595.67,Clients perdus
13889,93,1,416.90000000000003,Clients perdus
13890,1,10,1883.8100000000002,Meilleurs clients
13892,27,4,632.97,Clients réguliers
13893,298,1,821.1,Clients perdus
13894,24,3,564.62,Récents peu actifs
13895,28,4,2593.07,Clients réguliers
13897,50,1,311.16,Clients perdus
13898,326,1,155.93,Clients perdus
13899,16,2,388.52,Récents peu actifs
13900,183,3,740.95,Clients réguliers
13901,72,5,2867.2,Clients réguliers
13904,37,2,332.64,Récents peu actifs
13908,80,4,2369.55,Clients réguliers
13911,57,9,2580.91,Clients réguliers
13914,12,2,626.45,Récents peu actifs
13917,50,2,272.04,Clients perdus
13918,50,2,1212.8400000000001,Clients réguliers
13919,59,2,348.81,Clients perdus
13922,352,1,172.25,Clients perdus
13923,54,1,351.13,Clients perdus
13924,2,6,1838.8500000000001,Meilleurs clients
13925,93,4,678.25,Clients réguliers
13926,23,1,223.85000000000002,Récents peu actifs
13927,75,1,348.99,Clients perdus
13928,11,4,464.57,Récents peu actifs
13929,169,2,842.65,Clients perdus
13930,58,2,337.34,Clients perdus
13931,96,2,1237.53,Clients réguliers
13932,295,1,307.4,Clients perdus
13933,109,2,608.7900000000001,Clients perdus
13934,264,1,922.1,Clients perdus
13936,180,1,376.58,Clients perdus
13937,169,1,158.85,Clients perdus
13938,35,1,71.66,Clients perdus
13939,23,3,568.55,Récents peu actifs
13940,17,4,839.14,Clients réguliers
13941,22,5,5112.96,Clients réguliers
13946,79,3,561.5699999999999,Clients réguliers
13947,65,1,90.6,Clients perdus
13948,361,1,102.0,Clients perdus
13949,3,6,2427.32,Meilleurs clients
13950,11,4,745.06,Récents peu actifs
13951,176,3,674.45,Clients réguliers
13952,218,2,3251.07,Clients réguliers
13953,7,7,3515.68,Meilleurs clients
13954,2,2,439.92,Récents peu actifs
13955,154,2,322.96,Clients perdus
13956,5,5,1019.27,Récents peu actifs
13959,79,3,594.04,Clients réguliers
13960,21,2,230.22,Récents peu actifs
13962,22,2,169.55,Récents peu actifs
13963,308,4,664.54,Clients réguliers
13967,146,1,80.7,Clients perdus
13969,7,18,9024.17,Meilleurs clients
13971,19,8,2758.26,Meilleurs clients
13972,71,2,190.25,Clients perdus
13973,287,1,264.7,Clients perdus
13974,49,1,413.59000000000003,Clients perdus
13975,31,6,2461.2400000000002,Clients réguliers
13976,207,1,357.98,Clients perdus
13978,15,2,196.79000000000002,Récents peu actifs
13979,73,1,869.87,Clients perdus
13980,60,1,200.14,Clients perdus
13982,39,4,1871.81,Clients réguliers
13983,30,12,2603.43,Meilleurs clients
13984,27,5,920.51,Clients réguliers
13985,4,15,7060.13,Meilleurs clients
13986,17,1,320.46,Récents peu actifs
13988,20,6,4147.96,Meilleurs clients
13989,66,2,1266.08,Clients réguliers
13990,213,1,311.3,Clients perdus
13991,12,6,851.88,Clients réguliers
13992,30,1,76.8,Clients perdus
13993,43,9,3466.36,Meilleurs clients
13994,4,6,2274.14,Meilleurs clients
13995,15,5,1393.69,Clients réguliers
13999,10,12,3901.81,Meilleurs clients
14000,211,1,635.66,Clients perdus
14001,46,3,2043.0800000000002,Clients réguliers
14002,134,2,529.73,Clients perdus
14004,43,7,4582.64,Clients réguliers
14005,10,5,2874.72,Meilleurs clients
14006,116,3,962.19,Clients réguliers
14009,198,2,695.61,Clients perdus
14012,278,1,328.8,Clients perdus
14013,110,3,473.02,Clients perdus
14014,77,1,505.18,Clients perdus
14015,53,1,917.34,Clients perdus
14016,162,4,4341.21,Clients réguliers
14019,47,3,1421.61,Clients réguliers
14020,17,2,642.8,Récents peu actifs
14021,155,3,631.9,Clients réguliers
14022,225,1,440.0,Clients perdus
14023,7,2,584.07,Récents peu actifs
14024,122,2,327.7,Clients perdus
14027,61,1,104.82,Clients perdus
14029,63,2,467.66,Clients perdus
14030,18,8,2358.84,Meilleurs clients
14031,7,19,17286.86,Meilleurs clients
14032,2,11,2975.59,Meilleurs clients
14034,22,3,648.89,Récents peu actifs
14035,29,5,1428.02,Clients réguliers
14036,285,1,626.65,Clients perdus
14037,176,2,147.20000000000002,Clients perdus
14038,78,3,1560.38,Clients réguliers
14039,33,1,152.2,Récents peu actifs
14040,41,12,3560.32,Meilleurs clients
14041,266,1,141.41,Clients perdus
14044,27,4,646.42,Clients réguliers
14045,109,4,1659.75,Clients réguliers
14046,284,1,151.59,Clients perdus
14047,9,5,1308.6100000000001,Clients réguliers
14048,305,1,409.93,Clients perdus
14049,17,4,5578.72,Clients réguliers
14050,32,2,746.36,Récents peu actifs
14051,1,23,15610.390000000001,Meilleurs clients
14052,20,1,225.36,Récents peu actifs
14053,124,2,260.25,Clients perdus
14054,65,1,92.46,Clients perdus
14055,106,1,725.6400000000001,Clients perdus
14056,1,23,8152.71,Meilleurs clients
14057,24,17,6211.66,Meilleurs clients
14059,267,1,183.6,Clients perdus
14060,5,19,6140.42,Meilleurs clients
14062,10,12,10464.85,Meilleurs clients
14064,29,5,1334.34,Clients réguliers
14066,267,1,152.55,Clients perdus
14067,64,2,374.7,Clients perdus
14068,320,1,265.85,Clients perdus
14071,4,8,1422.75,Meilleurs clients
14073,32,1,151.04,Récents peu actifs
14075,5,3,942.26,Récents peu actifs
14076,129,1,118.67,Clients perdus
14077,41,5,499.41999999999996,Clients réguliers
14078,102,6,1049.37,Clients réguliers
14079,125,1,375.1,Clients perdus
14080,33,1,45.599999999999994,Clients perdus
14081,302,2,921.62,Clients perdus
14082,365,1,182.25,Clients perdus
14083,4,9,1002.9,Meilleurs clients
14085,2,18,4421.29,Meilleurs clients
14087,3,1,191.47,Récents peu actifs
14088,10,13,50491.81,Meilleurs clients
14089,57,1,158.75,Clients perdus
14090,325,1,76.32000000000001,Clients perdus
14092,8,14,4076.91,Meilleurs clients
14093,12,1,433.86,Récents peu actifs
14096,4,17,53258.43,Meilleurs clients
14098,37,1,147.35,Clients perdus
14099,16,11,3104.17,Meilleurs clients
14100,138,1,191.95000000000002,Clients perdus
14101,74,6,5976.79,Clients réguliers
14102,5,5,1105.8799999999999,Récents peu actifs
14104,155,2,216.20999999999998,Clients perdus
14105,239,1,1266.23,Clients perdus
14107,52,7,2703.23,Clients réguliers
14108,31,2,597.91,Récents peu actifs
14109,73,1,144.2,Clients perdus
14110,4,12,5683.15,Meilleurs clients
14111,14,4,692.85,Récents peu actifs
14112,23,7,2915.15,Meilleurs clients
14113,4,4,1840.42,Meilleurs clients
14114,274,2,386.53,Clients perdus
14116,20,5,1382.74,Clients réguliers
14117,144,1,90.0,Clients perdus
14121,4,4,2780.15,Meilleurs clients
14124,84,1,419.58000000000004,Clients perdus
14125,11,3,2720.63,Clients réguliers
14126,8,3,706.1300000000001,Récents peu actifs
14127,123,3,709.71,Clients réguliers
14128,61,2,637.5,Clients réguliers
14129,2,5,1123.8600000000001,Meilleurs clients
14130,319,1,480.91,Clients perdus
14132,2,11,3586.0299999999997,Meilleurs clients
14133,130,3,605.64,Clients réguliers
14135,2,15,4690.31,Meilleurs clients
14138,2,2,965.8800000000001,Récents peu actifs
14139,46,1,415.82,Clients perdus
14140,4,2,935.05,Récents peu actifs
14141,3,4,915.13,Récents peu actifs
14142,373,1,311.81,Clients perdus
14143,134,1,115.8,Clients perdus
14145,47,4,3742.2,Clients réguliers
14146,9,5,4191.0,Meilleurs clients
14147,78,2,483.4,Clients perdus
14148,234,1,157.2,Clients perdus
14149,221,1,446.62,Clients perdus
14150,36,2,658.64,Récents peu actifs
14152,75,2,621.29,Clients perdus
14154,239,2,1345.62,Clients réguliers
14155,266,1,118.75,Clients perdus
14156,10,55,117210.08,Meilleurs clients
14157,20,2,424.89000000000004,Récents peu actifs
14158,40,1,507.66,Récents peu actifs
14159,20,11,4627.98,Meilleurs clients
14161,216,3,1097.6200000000001,Clients réguliers
14162,174,2,289.36,Clients perdus
14163,87,4,2445.91,Clients réguliers
14164,71,2,1631.77,Clients réguliers
14165,276,1,120.44,Clients perdus
14167,39,4,562.59,Clients réguliers
14171,98,1,363.79,Clients perdus
14173,11,4,450.84,Récents peu actifs
14174,33,1,134.46,Récents peu actifs
14175,60,3,3222.3,Clients réguliers
14176,297,4,576.9000000000001,Clients perdus
14177,86,4,549.46,Clients réguliers
14178,9,7,1580.26,Meilleurs clients
14179,41,2,701.57,Récents peu actifs
14180,11,25,4748.52,Meilleurs clients
14184,67,1,452.89,Clients perdus
14185,331,1,197.65,Clients perdus
14188,31,6,2054.36,Clients réguliers
14189,2,15,4654.08,Meilleurs clients
14191,2,13,4684.76,Meilleurs clients
14193,68,2,853.39,Clients réguliers
14194,5,21,11349.52,Meilleurs clients
14195,202,2,1012.0,Clients perdus
14196,107,1,335.52,Clients perdus
14198,18,4,701.4,Récents peu actifs
14199,218,1,185.39999999999998,Clients perdus
14201,60,7,747.44,Clients réguliers
14204,2,1,150.61,Récents peu actifs
14205,17,2,466.7,Récents peu actifs
14206,239,1,328.15999999999997,Clients perdus
14208,95,1,151.74,Clients perdus
14209,11,6,2073.43,Meilleurs clients
14210,106,6,1905.8400000000001,Clients réguliers
14211,53,9,2241.1,Clients réguliers
14212,90,1,1070.48,Clients perdus
14214,31,5,1004.38,Clients réguliers
14215,12,6,1789.72,Meilleurs clients
14216,3,4,1839.3,Meilleurs clients
14217,2,17,2004.98,Meilleurs clients
14218,43,1,169.48000000000002,Clients perdus
14219,4,1,89.94,Récents peu actifs
14220,247,2,632.4,Clients perdus
14221,42,9,3432.8,Meilleurs clients
14222,177,1,683.17,Clients perdus
14223,92,3,991.13,Clients réguliers
14224,110,4,1009.73,Clients réguliers
14226,29,5,2214.79,Clients réguliers
14227,26,10,3350.96,Meilleurs clients
14229,52,3,1547.2,Clients réguliers
14231,184,3,925.71,Clients réguliers
14232,43,5,2048.07,Clients réguliers
14233,49,4,1462.72,Clients réguliers
14234,22,4,754.12,Clients réguliers
14235,75,5,3144.86,Clients réguliers
14236,81,2,490.86,Clients perdus
14237,373,1,161.0,Clients perdus
14238,326,1,146.85,Clients perdus
14239,43,11,2380.85,Meilleurs clients
14240,30,2,890.34,Récents peu actifs
14241,184,1,213.70000000000002,Clients perdus
14242,235,2,280.55,Clients perdus
14243,9,10,2588.77,Meilleurs clients
14245,220,2,1693.45,Clients réguliers
14246,111,3,1474.06,Clients réguliers
14247,278,1,136.76999999999998,Clients perdus
14248,318,1,302.58,Clients perdus
14250,7,3,1904.05,Récents peu actifs
14251,2,5,2879.7000000000003,Meilleurs clients
14256,260,2,969.0600000000001,Clients perdus
14257,64,5,3099.7200000000003,Clients réguliers
14258,9,9,12669.98,Meilleurs clients
14259,142,1,120.0,Clients perdus
14261,51,2,1163.45,Clients réguliers
14262,8,8,2618.23,Meilleurs clients
14264,155,2,333.97,Clients perdus
14265,109,2,530.18,Clients perdus
14267,163,3,1516.24,Clients réguliers
14270,332,1,492.65000000000003,Clients perdus
14271,226,1,112.32,Clients perdus
14272,74,2,437.96,Clients perdus
14273,51,4,559.97,Clients réguliers
14276,99,3,1119.74,Clients réguliers
14277,15,3,4152.0,Clients réguliers
14280,197,1,134.04,Clients perdus
14282,3,15,3701.44,Meilleurs clients
14284,31,2,595.25,Récents peu actifs
14285,21,4,1910.01,Clients réguliers
14286,24,3,4628.75,Clients réguliers
14287,8,3,176.63,Récents peu actifs
14288,213,1,426.6,Clients perdus
14289,9,6,911.26,Clients réguliers
14290,11,5,2314.65,Meilleurs clients
14291,2,11,3883.25,Meilleurs clients
14292,8,9,4871.93,Meilleurs clients
14293,3,4,1046.56,Récents peu actifs
14295,40,1,166.20000000000002,Clients perdus
14297,18,4,1305.33,Clients réguliers
14298,8,44,51527.3,Meilleurs clients
14299,8,9,3965.62,Meilleurs clients
14300,19,1,43.2,Récents peu actifs
14301,117,1,640.14,Clients perdus
14304,223,1,383.45,Clients perdus
14305,71,3,1858.96,Clients réguliers
14306,51,2,2093.32,Clients réguliers
14307,89,6,2995.72,Clients réguliers
14309,8,9,2352.53,Meilleurs clients
14311,243,1,310.26,Clients perdus
14312,47,6,1611.59,Clients réguliers
14314,107,1,120.0,Clients perdus
14315,45,6,2481.13,Clients réguliers
14317,65,1,508.58000000000004,Clients perdus
14320,207,2,477.79,Clients perdus
14321,11,5,1530.75,Clients réguliers
14323,115,2,605.0600000000001,Clients perdus
14326,242,1,183.85,Clients perdus
14327,163,1,311.65,Clients perdus
14329,17,7,4975.24,Meilleurs clients
14331,124,2,462.65999999999997,Clients perdus
14332,23,3,840.21,Clients réguliers
14333,68,1,415.2,Clients perdus
14334,17,8,2552.21,Meilleurs clients
14335,16,2,454.86,Récents peu actifs
14336,17,4,1614.91,Clients réguliers
14338,161,2,588.22,Clients perdus
14339,243,1,309.52,Clients perdus
14340,219,1,134.7,Clients perdus
14341,45,8,2166.98,Clients réguliers
14342,21,4,668.5600000000001,Clients réguliers
14344,127,8,889.9300000000001,Clients réguliers
14345,39,1,108.97999999999999,Clients perdus
14346,121,2,1021.58,Clients réguliers
14348,260,1,409.57,Clients perdus
14349,10,1,133.5,Récents peu actifs
14350,274,1,282.93,Clients perdus
14351,165,1,51.0,Clients perdus
14352,157,4,1078.96,Clients réguliers
14353,215,1,90.6,Clients perdus
14354,6,2,163.62,Récents peu actifs
14355,366,1,174.4,Clients perdus
14356,80,2,701.23,Clients réguliers
14357,43,1,225.12,Clients perdus
14359,19,3,912.18,Récents peu actifs
14360,32,4,2118.03,Clients réguliers
14362,22,1,151.5,Récents peu actifs
14364,109,8,3717.35,Clients réguliers
14367,8,16,9227.82,Meilleurs clients
14368,320,1,155.0,Clients perdus
14371,295,1,100.5,Clients perdus
14373,358,1,76.55,Clients perdus
14375,185,1,235.56,Clients perdus
14377,191,2,617.05,Clients perdus
14379,44,2,348.1,Récents peu actifs
14381,52,1,202.68,Clients perdus
14382,26,1,615.49,Récents peu actifs
14383,38,3,1247.69,Clients réguliers
14385,9,3,202.11,Récents peu actifs
14386,297,1,142.4,Clients perdus
14387,33,3,1727.6,Clients réguliers
14388,10,8,3212.84,Meilleurs clients
14389,65,2,1043.46,Clients réguliers
14390,10,9,4642.57,Meilleurs clients
14393,218,1,67.95,Clients perdus
14395,2,9,3479.91,Meilleurs clients
14396,65,2,487.99,Clients perdus
14397,3,19,2612.96,Meilleurs clients
14400,149,1,574.7,Clients perdus
14401,4,13,4051.48,Meilleurs clients
14403,130,4,1475.81,Clients réguliers
14404,34,6,1449.32,Clients réguliers
14406,119,1,156.75,Clients perdus
14407,107,5,2142.73,Clients réguliers
14408,11,7,2599.03,Meilleurs clients
14409,71,6,2059.4500000000003,Clients réguliers
14410,92,9,1099.27,Clients réguliers
14411,311,1,1063.0,Clients perdus
14412,43,2,770.03,Clients réguliers
14413,362,1,121.05,Clients perdus
14414,92,7,1496.98,Clients réguliers
14415,1,13,5855.57,Meilleurs clients
14416,22,2,490.22,Récents peu actifs
14418,4,3,1937.25,Récents peu actifs
14419,11,6,1051.79,Clients réguliers
14420,99,1,387.52,Clients perdus
14421,57,2,813.11,Clients réguliers
14422,1,6,4263.64,Meilleurs clients
14423,218,1,265.2,Clients perdus
14424,18,1,322.08,Récents peu actifs
14426,24,10,4481.67,Meilleurs clients
14427,50,2,363.34000000000003,Récents peu actifs
14428,7,5,1224.06,Récents peu actifs
14431,303,1,470.36,Clients perdus
14432,10,6,2248.5,Meilleurs clients
14434,22,6,1372.8,Clients réguliers
14436,99,1,89.06,Clients perdus
14437,366,1,63.0,Clients perdus
14438,306,1,131.9,Clients perdus
14439,320,1,2661.24,Clients perdus
14440,8,5,2357.6800000000003,Meilleurs clients
14441,1,4,1712.89,Meilleurs clients
14442,205,2,1589.82,Clients réguliers
14443,54,4,1420.2,Clients réguliers
14446,1,4,1005.55,Récents peu actifs
14447,19,5,1163.23,Clients réguliers
14448,9,2,375.35,Récents peu actifs
14449,19,4,885.8,Clients réguliers
14450,181,3,483.25,Clients perdus
14451,60,2,643.9,Clients réguliers
14452,11,2,259.05,Récents peu actifs
14453,190,1,119.93,Clients perdus
14456,5,9,3014.32,Meilleurs clients
14457,311,1,113.64,Clients perdus
14459,155,1,1837.92,Clients perdus
14460,110,3,434.34,Clients perdus
14461,148,3,2102.67,Clients réguliers
14462,66,11,1975.57,Clients réguliers
14463,98,3,529.62,Clients réguliers
14465,247,3,1038.44,Clients réguliers
14466,29,7,2272.4,Clients réguliers
14467,18,4,596.26,Récents peu actifs
14470,12,2,461.19,Récents peu actifs
14472,104,8,1852.67,Clients réguliers
14473,74,2,234.34000000000003,Clients perdus
14474,46,1,547.66,Récents peu actifs
14475,72,3,925.85,Clients réguliers
14476,257,1,193.0,Clients perdus
14477,20,4,1309.6,Clients réguliers
14479,254,2,316.25,Clients perdus
14480,11,1,279.05,Récents peu actifs
14481,165,2,636.51,Clients perdus
14482,18,6,2022.81,Clients réguliers
14483,282,1,137.1,Clients perdus
14484,50,1,321.92,Clients perdus
14485,39,1,162.8,Clients perdus
14487,27,6,1165.48,Clients réguliers
14488,68,1,1064.28,Clients perdus
14489,207,1,463.38,Clients perdus
14491,175,2,340.93,Clients perdus
14493,7,5,2383.2400000000002,Meilleurs clients
14494,26,1,139.56,Récents peu actifs
14495,51,2,123.8,Clients perdus
14496,312,2,538.8100000000001,Clients perdus
14497,309,1,475.37,Clients perdus
14498,43,5,1957.32,Clients réguliers
14499,26,3,808.44,Clients réguliers
14500,88,3,356.85,Clients perdus
14501,184,2,251.21,Clients perdus
14502,20,11,2426.79,Meilleurs clients
14503,3,6,3543.26,Meilleurs clients
14504,47,4,673.26,Clients réguliers
14505,17,8,5859.43,Meilleurs clients
14506,17,5,1960.65,Clients réguliers
14507,24,6,1367.88,Clients réguliers
14508,22,2,268.05,Récents peu actifs
14511,11,5,1314.81,Clients réguliers
14512,188,2,275.28,Clients perdus
14513,101,3,455.59000000000003,Clients perdus
14514,61,3,990.2,Clients réguliers
14515,18,6,2076.89,Clients réguliers
14517,33,2,330.45,Récents peu actifs
14518,64,1,174.37,Clients perdus
14520,2,2,270.6,Récents peu actifs
14522,24,4,974.54,Clients réguliers
14523,108,1,241.09,Clients perdus
14524,32,9,1843.83,Clients réguliers
14525,20,9,4215.9,Meilleurs clients
14527,3,55,8506.13,Meilleurs clients
14528,37,1,364.21999999999997,Récents peu actifs
14529,60,3,578.61,Clients réguliers
14530,26,6,2862.11,Clients réguliers
14532,236,4,932.85,Clients réguliers
14533,25,7,1949.72,Clients réguliers
14534,3,18,4395.65,Meilleurs clients
14535,60,3,2854.84,Clients réguliers
14536,260,1,170.95,Clients perdus
14537,58,1,355.56,Clients perdus
14538,65,2,388.25,Clients perdus
14539,16,2,537.48,Récents peu actifs
14540,10,3,952.66,Récents peu actifs
14541,59,8,1453.35,Clients réguliers
14542,186,1,103.25,Clients perdus
14543,29,16,3560.08,Meilleurs clients
14544,24,2,2004.3,Clients réguliers
14546,5,5,2573.93,Meilleurs clients
14547,4,8,3974.75,Meilleurs clients
14548,151,2,652.8,Clients perdus
14549,311,1,289.24,Clients perdus
14550,11,2,757.37,Récents peu actifs
14551,18,2,186.23,Récents peu actifs
14552,152,1,164.22,Clients perdus
14553,19,5,859.27,Clients réguliers
14554,10,4,2279.4900000000002,Clients réguliers
14555,57,2,312.54,Clients perdus
14557,85,1,788.38,Clients perdus
14560,7,22,2237.77,Meilleurs clients
14561,76,3,1080.76,Clients réguliers
14562,4,18,5006.77,Meilleurs clients
14565,96,4,3099.12,Clients réguliers
14566,111,1,1432.0,Clients perdus
14567,57,2,1530.3600000000001,Clients réguliers
14569,1,1,227.39,Récents peu actifs
14570,281,2,217.21,Clients perdus
14572,3,7,2804.54,Meilleurs clients
14573,180,9,1639.82,Clients réguliers
14576,372,1,35.400000000000006,Clients perdus
14577,13,4,859.71,Récents peu actifs
14578,3,1,168.63,Récents peu actifs
14581,17,1,138.6,Récents peu actifs
14582,41,1,114.11,Clients perdus
14583,6,5,986.96,Récents peu actifs
14584,169,4,1033.06,Clients réguliers
14585,50,1,157.05,Clients perdus
14586,277,1,237.36,Clients perdus
14587,19,9,1580.29,Meilleurs clients
14589,372,1,39.75,Clients perdus
14591,15,4,1320.21,Clients réguliers
14592,35,3,557.94,Récents peu actifs
14593,22,3,617.15,Récents peu actifs
14594,7,2,363.33,Récents peu actifs
14595,20,6,1740.6,Clients réguliers
14597,11,2,866.24,Récents peu actifs
14598,44,1,221.97,Clients perdus
14600,306,1,393.33000000000004,Clients perdus
14601,11,1,213.96,Récents peu actifs
14603,275,1,660.0,Clients perdus
14606,1,91,11941.15,Meilleurs clients
14607,16,12,15021.5,Meilleurs clients
14608,4,4,1785.15,Meilleurs clients
14609,72,4,601.56,Clients réguliers
14616,243,3,406.08000000000004,Clients perdus
14618,9,3,553.44,Récents peu actifs
14619,246,1,394.44,Clients perdus
14620,206,2,412.78000000000003,Clients perdus
14621,1,5,1788.3600000000001,Meilleurs clients
14622,185,1,320.58000000000004,Clients perdus
14623,32,5,882.02,Clients réguliers
14624,57,2,225.85,Clients perdus
14625,196,2,899.63,Clients perdus
14626,24,4,2791.27,Clients réguliers
14628,91,2,671.96,Clients perdus
14629,4,2,955.26,Récents peu actifs
14631,51,3,1006.98,Clients réguliers
14632,263,1,114.56,Clients perdus
14633,266,1,344.90000000000003,Clients perdus
14636,36,2,609.85,Récents peu actifs
14638,51,1,443.6,Clients perdus
14639,52,6,2984.49,Clients réguliers
14640,24,6,2107.38,Clients réguliers
14641,22,1,110.46,Récents peu actifs
14642,59,1,96.12,Clients perdus
14643,170,2,693.8100000000001,Clients perdus
14644,68,2,830.76,Clients réguliers
14645,157,2,597.09,Clients perdus
14646,2,72,279138.02,Meilleurs clients
14647,201,1,236.04000000000002,Clients perdus
14649,5,4,1402.59,Récents peu actifs
14651,67,2,653.75,Clients réguliers
14652,77,1,114.18,Clients perdus
14653,1,7,1916.7,Meilleurs clients
14655,8,4,1932.23,Clients réguliers
14656,169,2,291.05,Clients perdus
14657,18,4,848.22,Clients réguliers
14658,5,2,247.15,Récents peu actifs
14659,9,9,2529.93,Meilleurs clients
14660,87,2,285.74,Clients perdus
14661,27,1,107.95,Récents peu actifs
14662,29,4,741.37,Clients réguliers
14664,20,2,636.24,Récents peu actifs
14665,61,5,1835.7,Clients réguliers
14666,24,1,179.95,Récents peu actifs
14667,11,25,9170.79,Meilleurs clients
14669,242,3,1259.24,Clients réguliers
14670,280,2,392.86,Clients perdus
14672,235,2,765.55,Clients perdus
14673,3,5,1736.4,Meilleurs clients
14675,16,1,596.36,Récents peu actifs
14676,31,6,2548.2400000000002,Clients réguliers
14680,25,16,28754.11,Meilleurs clients
14681,71,3,498.95,Clients réguliers
14682,188,2,52.0,Clients perdus
14684,26,5,1201.51,Clients réguliers
14687,107,1,628.38,Clients perdus
14688,8,21,5579.1,Meilleurs clients
14689,209,1,112.8,Clients perdus
14690,44,2,355.05,Récents peu actifs
14691,31,5,2114.33,Clients réguliers
14692,137,4,591.55,Clients réguliers
14693,265,1,172.9,Clients perdus
14696,4,7,2078.95,Meilleurs clients
14697,218,2,188.60999999999999,Clients perdus
14698,2,5,1217.27,Meilleurs clients
14699,214,1,109.13000000000001,Clients perdus
14700,32,3,2195.1,Clients réguliers
14701,11,9,2526.09,Meilleurs clients
14702,1,17,3251.79,Meilleurs clients
14703,15,1,318.17,Récents peu actifs
14704,11,9,1491.6200000000001,Meilleurs clients
14705,199,1,179.0,Clients perdus
14708,3,3,1126.37,Récents peu actifs
14709,15,13,4921.04,Meilleurs clients
14710,14,4,599.48,Récents peu actifs
14711,10,11,2839.62,Meilleurs clients
14712,29,3,917.07,Clients réguliers
14713,9,11,2662.2,Meilleurs clients
14714,24,1,160.19,Récents peu actifs
14715,25,4,867.38,Clients réguliers
14716,43,2,307.51,Récents peu actifs
14719,2,5,1581.84,Meilleurs clients
14720,6,3,663.81,Récents peu actifs
14722,147,1,180.42000000000002,Clients perdus
14723,10,6,1120.66,Clients réguliers
14725,25,1,655.58,Récents peu actifs
14727,274,1,268.58,Clients perdus
14729,374,1,313.49,Clients perdus
14730,1,8,1897.57,Meilleurs clients
14731,47,3,380.02,Récents peu actifs
14732,8,8,2702.4900000000002,Meilleurs clients
14733,16,12,9585.91,Meilleurs clients
14735,4,31,6050.69,Meilleurs clients
14737,4,3,1164.55,Récents peu actifs
14738,43,7,1314.45,Clients réguliers
14739,4,7,3902.28,Meilleurs clients
14740,197,3,1448.21,Clients réguliers
14741,12,6,1400.34,Clients réguliers
14744,16,7,1099.98,Clients réguliers
14745,113,5,1220.26,Clients réguliers
14747,249,1,328.2,Clients perdus
14748,29,5,1415.75,Clients réguliers
14752,44,1,389.64,Clients perdus
14753,87,1,563.15,Clients perdus
14754,45,2,638.05,Récents peu actifs
14755,10,11,5010.28,Meilleurs clients
14756,15,1,738.96,Récents peu actifs
14757,75,1,420.5,Clients perdus
14758,145,4,1484.06,Clients réguliers
14759,5,3,1625.97,Récents peu actifs
14760,297,1,89.2,Clients perdus
14761,59,2,255.9,Clients perdus
14762,264,1,300.52,Clients perdus
14764,47,1,278.3,Clients perdus
14765,29,3,254.11,Récents peu actifs
14766,8,6,2473.37,Meilleurs clients
14768,17,2,192.60000000000002,Récents peu actifs
14769,3,8,10415.33,Meilleurs clients
14770,232,2,876.42,Clients perdus
14772,112,1,139.26,Clients perdus
14775,58,3,1011.9,Clients réguliers
14776,51,11,2538.3,Clients réguliers
14778,127,2,730.86,Clients perdus
14779,281,3,386.15,Clients perdus
14780,55,2,447.68,Clients perdus
14782,320,1,200.10000000000002,Clients perdus
14784,26,2,289.99,Récents peu actifs
14785,10,2,77.4,Récents peu actifs
14788,7,2,679.4399999999999,Récents peu actifs
14789,29,1,197.64,Récents peu actifs
14790,17,4,745.06,Récents peu actifs
14792,64,1,6.2,Clients perdus
14793,21,1,228.99,Récents peu actifs
14794,3,7,1319.91,Meilleurs clients
14795,166,1,131.45000000000002,Clients perdus
14796,1,17,7973.93,Meilleurs clients
14798,53,3,173.74,Clients perdus
14799,51,1,157.7,Clients perdus
14800,48,12,4331.79,Meilleurs clients
14801,61,1,189.34,Clients perdus
14803,162,3,845.55,Clients réguliers
14804,9,1,353.27,Récents peu actifs
14805,15,4,546.4,Récents peu actifs
14806,75,1,193.39000000000001,Clients perdus
14808,40,8,2718.6,Clients réguliers
14810,41,11,2085.33,Meilleurs clients
14813,370,2,152.88,Clients perdus
14815,37,2,778.5,Récents peu actifs
14816,197,1,271.85,Clients perdus
14817,200,2,1110.34,Clients perdus
14818,74,3,657.8,Clients réguliers
14819,64,2,272.07,Clients perdus
14820,21,4,507.29,Récents peu actifs
14821,367,1,48.800000000000004,Clients perdus
14823,180,3,321.43,Clients perdus
14824,10,4,1127.71,Récents peu actifs
14825,4,12,2221.01,Meilleurs clients
14828,197,3,2139.76,Clients réguliers
14829,29,4,697.55,Clients réguliers
14830,53,1,188.03,Clients perdus
14834,18,6,1720.3,Clients réguliers
14836,10,3,102.44999999999999,Récents peu actifs
14837,90,4,1649.5,Clients réguliers
14840,268,1,62.85,Clients perdus
14841,53,6,3295.76,Clients réguliers
14842,44,4,2824.69,Clients réguliers
14844,64,4,3189.81,Clients réguliers
14847,149,1,309.4,Clients perdus
14849,22,25,7930.54,Meilleurs clients
14850,312,1,325.75,Clients perdus
14851,23,2,511.35,Récents peu actifs
14852,58,6,2836.69,Clients réguliers
14853,24,2,475.8,Récents peu actifs
14854,78,7,2740.03,Clients réguliers
14855,119,2,645.65,Clients perdus
14856,36,3,1290.53,Clients réguliers
14857,60,2,1173.12,Clients réguliers
14859,13,4,1353.74,Clients réguliers
14860,19,1,170.32,Récents peu actifs
14861,52,1,125.79,Clients perdus
14862,26,2,841.1999999999999,Récents peu actifs
14863,29,1,266.76,Récents peu actifs
14865,7,2,52.2,Récents peu actifs
14866,11,11,14353.4,Meilleurs clients
14867,186,3,710.28,Clients réguliers
14868,3,8,2953.59,Meilleurs clients
14869,9,2,721.45,Récents peu actifs
14870,262,1,327.25,Clients perdus
14871,3,4,501.28000000000003,Récents peu actifs
14873,210,1,519.68,Clients perdus
14875,108,2,1465.3200000000002,Clients réguliers
14878,13,9,1476.09,Meilleurs clients
14880,77,3,690.59,Clients réguliers
14881,20,1,255.4,Récents peu actifs
14882,27,2,589.7,Récents peu actifs
14883,19,6,761.59,Clients réguliers
14885,132,1,765.3199999999999,Clients perdus
14886,253,1,364.8,Clients perdus
14887,79,1,1862.0,Clients réguliers
14888,207,1,369.2,Clients perdus
14889,336,1,135.9,Clients perdus
14890,254,1,125.65,Clients perdus
14891,148,2,554.38,Clients perdus
14893,10,2,1237.8500000000001,Récents peu actifs
14894,85,1,655.75,Clients perdus
14895,8,20,11138.710000000001,Meilleurs clients
14896,205,2,468.77000000000004,Clients perdus
14897,8,4,1366.38,Récents peu actifs
14898,23,6,1269.31,Clients réguliers
14901,11,9,1421.29,Meilleurs clients
14902,26,1,332.66,Récents peu actifs
14903,21,5,2795.33,Clients réguliers
14904,2,2,1025.44,Récents peu actifs
14905,158,2,616.15,Clients perdus
14907,3,7,3501.1,Meilleurs clients
14908,74,1,277.8,Clients perdus
14910,3,4,434.35,Récents peu actifs
14911,1,199,140336.83,Meilleurs clients
14912,17,2,867.85,Récents peu actifs
14913,36,4,1227.43,Clients réguliers
14915,91,2,307.48,Clients perdus
14916,71,4,1268.98,Clients réguliers
14918,116,2,1610.15,Clients réguliers
14920,213,2,977.77,Clients perdus
14921,30,2,1316.07,Clients réguliers
14923,51,1,749.1,Clients perdus
14924,246,1,310.05,Clients perdus
14929,32,1,223.88,Récents peu actifs
14930,109,3,2362.96,Clients réguliers
14931,5,4,964.6800000000001,Récents peu actifs
14932,366,1,363.53,Clients perdus
14934,82,2,1890.94,Clients réguliers
14935,297,1,1784.71,Clients perdus
14936,34,8,8137.02,Meilleurs clients
14937,57,3,1621.88,Clients réguliers
14944,30,12,5900.25,Meilleurs clients
14946,14,1,100.9,Récents peu actifs
14947,72,2,290.82,Clients perdus
14948,23,6,1101.97,Clients réguliers
14950,19,1,371.2,Récents peu actifs
14951,79,1,311.69,Clients perdus
14952,60,11,8099.49,Meilleurs clients
14953,25,1,285.67,Récents peu actifs
14954,12,1,294.85,Récents peu actifs
14957,253,1,58.49,Clients perdus
14958,147,3,483.72999999999996,Clients perdus
14959,64,4,695.42,Clients réguliers
14960,8,2,221.27,Récents peu actifs
14961,11,9,7044.68,Meilleurs clients
14962,271,1,126.7,Clients perdus
14963,10,5,1472.34,Clients réguliers
14964,247,1,206.21,Clients perdus
14965,96,2,596.09,Clients perdus
14966,15,1,183.02,Récents peu actifs
14967,50,1,463.8,Clients perdus
14968,30,1,147.59,Récents peu actifs
14970,68,4,1592.06,Clients réguliers
14971,35,3,1097.98,Clients réguliers
14972,128,1,114.77,Clients perdus
14973,107,3,1314.45,Clients réguliers
14974,37,1,89.94,Clients perdus
14975,57,1,279.94,Clients perdus
14976,57,6,774.86,Clients réguliers
14978,72,5,1921.3700000000001,Clients réguliers
14981,246,1,102.12,Clients perdus
14984,19,2,202.37,Récents peu actifs
14985,198,2,292.01,Clients perdus
14987,16,2,326.4,Récents peu actifs
14988,212,1,334.54,Clients perdus
14995,39,2,231.98000000000002,Récents peu actifs
14997,46,3,546.1999999999999,Clients réguliers
14998,170,2,414.87,Clients perdus
15000,48,1,490.52,Clients perdus
15002,116,4,1641.76,Clients réguliers
15004,147,1,1220.38,Clients perdus
15005,16,28,6293.67,Meilleurs clients
15006,51,1,475.43,Clients perdus
15007,159,1,156.91,Clients perdus
15009,12,3,1259.43,Récents peu actifs
15010,36,1,308.94,Récents peu actifs
15012,54,2,405.04,Clients perdus
15014,43,2,257.67,Récents peu actifs
15016,173,1,170.04,Clients perdus
15017,34,1,125.58,Clients perdus
15018,39,3,496.21000000000004,Récents peu actifs
15019,267,1,252.81,Clients perdus
15021,9,9,1871.77,Meilleurs clients
15022,12,4,852.39,Récents peu actifs
15023,3,11,6701.51,Meilleurs clients
15024,10,10,1636.43,Meilleurs clients
15025,33,1,361.96,Récents peu actifs
15026,80,3,464.2,Clients réguliers
15027,31,4,1066.1499999999999,Clients réguliers
15028,8,4,627.13,Récents peu actifs
15030,72,2,518.28,Clients perdus
15031,4,4,653.19,Récents peu actifs
15032,256,3,4959.1,Clients réguliers
15033,5,10,2553.88,Meilleurs clients
15034,16,8,4274.16,Meilleurs clients
15035,90,1,252.73000000000002,Clients perdus
15036,72,3,429.56,Clients réguliers
15038,59,6,685.74,Clients réguliers
15039,10,47,19766.59,Meilleurs clients
15041,170,1,179.93,Clients perdus
15042,199,1,135.93,Clients perdus
15043,31,1,537.0,Récents peu actifs
15044,19,17,7634.7300000000005,Meilleurs clients
15045,152,2,735.66,Clients perdus
15046,9,15,5071.47,Meilleurs clients
15047,270,1,343.62,Clients perdus
15048,65,4,381.0,Clients réguliers
15049,274,1,121.17000000000002,Clients perdus
15050,25,3,1737.69,Clients réguliers
15051,23,3,1383.3600000000001,Clients réguliers
15052,319,1,207.73000000000002,Clients perdus
15053,5,3,693.95,Récents peu actifs
15054,12,2,302.1,Récents peu actifs
15057,275,2,1489.5,Clients réguliers
15058,25,11,2102.54,Meilleurs clients
15059,41,9,1337.72,Clients réguliers
15060,8,4,293.0,Récents peu actifs
15061,4,48,54534.14,Meilleurs clients
15062,71,4,987.86,Clients réguliers
15063,213,1,370.79999999999995,Clients perdus
15065,38,4,3158.13,Clients réguliers
15066,53,1,893.59,Clients perdus
15067,78,3,1744.76,Clients réguliers
15068,46,2,553.36,Récents peu actifs
15069,179,1,1109.53,Clients perdus
15070,373,1,106.2,Clients perdus
15071,94,2,982.07,Clients réguliers
15073,10,3,1043.41,Récents peu actifs
15074,105,1,735.67,Clients perdus
15075,78,1,773.03,Clients perdus
15076,173,1,880.85,Clients perdus
15078,7,32,9743.11,Meilleurs clients
15079,213,4,895.61,Clients réguliers
15081,22,5,504.8,Clients réguliers
15083,257,1,88.2,Clients perdus
15087,282,1,306.94,Clients perdus
15088,21,2,1160.07,Récents peu actifs
15089,10,6,2420.84,Meilleurs clients
15090,308,1,381.32,Clients perdus
15091,68,1,480.71,Clients perdus
15092,215,2,457.81,Clients perdus
15093,18,6,4597.02,Meilleurs clients
15095,104,4,1370.6,Clients réguliers
15096,43,1,219.39000000000001,Clients perdus
15097,4,1,248.08,Récents peu actifs
15098,182,3,39916.5,Clients réguliers
15099,84,1,410.48,Clients perdus
15100,334,3,876.0,Clients perdus
15101,9,2,317.53,Récents peu actifs
15103,31,2,703.36,Récents peu actifs
15104,197,2,993.54,Clients perdus
15105,18,7,2298.93,Meilleurs clients
15106,18,5,1422.52,Clients réguliers
15107,311,6,319.5,Clients perdus
15108,142,3,1159.25,Clients réguliers
15109,246,1,484.95,Clients perdus
15110,24,4,996.1,Clients réguliers
15111,29,3,1567.48,Clients réguliers
15113,10,3,3509.04,Clients réguliers
15114,30,10,2760.56,Meilleurs clients
15115,18,1,340.11,Récents peu actifs
15116,18,4,1352.75,Clients réguliers
15117,15,5,1551.78,Clients réguliers
15118,134,1,244.8,Clients perdus
15119,246,1,266.4,Clients perdus
15120,134,1,358.82,Clients perdus
15121,50,2,457.72,Récents peu actifs
15122,114,3,1633.78,Clients réguliers
15123,7,2,2199.31,Récents peu actifs
15124,23,2,184.19,Récents peu actifs
15125,25,15,11528.48,Meilleurs clients
15127,66,1,406.53,Clients perdus
15128,60,4,1471.0,Clients réguliers
15129,50,11,3447.4,Meilleurs clients
15130,170,1,330.11,Clients perdus
15132,18,5,977.9300000000001,Clients réguliers
15133,128,3,982.42,Clients réguliers
15134,15,8,1387.99,Meilleurs clients
15135,239,1,139.05,Clients perdus
15136,3,4,1286.7,Récents peu actifs
15139,240,2,178.96,Clients perdus
15140,52,7,2354.25,Clients réguliers
15142,46,1,498.74,Clients perdus
15143,226,1,259.45,Clients perdus
15144,8,17,6580.44,Meilleurs clients
15145,4,4,1194.73,Récents peu actifs
15146,165,2,1327.16,Clients réguliers
15147,240,1,623.5,Clients perdus
15148,11,1,301.29,Récents peu actifs
15149,134,1,520.8000000000001,Clients perdus
15150,17,10,5291.33,Meilleurs clients
15152,10,13,4745.69,Meilleurs clients
15153,31,1,329.25,Récents peu actifs
15154,75,1,254.28,Clients perdus
15156,1,3,961.49,Récents peu actifs
15157,4,3,1936.07,Récents peu actifs
15158,45,1,401.40000000000003,Clients perdus
15159,2,30,18641.010000000002,Meilleurs clients
15160,357,1,158.16,Clients perdus
15163,18,2,304.47,Récents peu actifs
15164,69,3,824.58,Clients réguliers
15165,373,1,487.75,Clients perdus
15167,321,1,158.8,Clients perdus
15168,26,1,106.56,Récents peu actifs
15171,331,1,1289.5,Clients perdus
15172,9,5,1624.05,Clients réguliers
15174,323,1,135.75,Clients perdus
15175,72,1,224.14,Clients perdus
15178,260,1,40.5,Clients perdus
15179,18,5,2206.95,Clients réguliers
15180,367,1,87.5,Clients perdus
15181,66,3,689.4799999999999,Clients réguliers
15182,154,2,622.85,Clients perdus
15184,29,2,402.2,Récents peu actifs
15185,70,1,310.62,Clients perdus
15186,14,2,411.41,Récents peu actifs
15187,2,15,4762.18,Meilleurs clients
15189,1,41,16225.39,Meilleurs clients
15192,120,3,1044.32,Clients réguliers
15193,61,1,499.32,Clients perdus
15194,3,15,7616.53,Meilleurs clients
15195,3,1,3861.0,Récents peu actifs
15197,11,3,1079.6100000000001,Récents peu actifs
15198,92,2,193.64,Clients perdus
15199,59,4,1268.7,Clients réguliers
15201,87,5,1236.54,Clients réguliers
15203,26,6,1827.8,Clients réguliers
15204,357,1,316.58,Clients perdus
15205,85,2,653.24,Clients perdus
15206,10,4,420.29999999999995,Récents peu actifs
15208,1,5,870.12,Récents peu actifs
15210,225,1,331.18,Clients perdus
15211,60,2,894.4100000000001,Clients réguliers
15212,241,1,101.8,Clients perdus
15213,319,2,328.35,Clients perdus
15214,2,8,1661.44,Meilleurs clients
15215,47,3,734.94,Clients réguliers
15216,88,1,96.6,Clients perdus
15218,11,11,5756.89,Meilleurs clients
15219,176,1,305.75,Clients perdus
15220,52,6,1778.96,Clients réguliers
15221,366,1,403.25,Clients perdus
15222,319,1,585.0,Clients perdus
15223,226,2,755.75,Clients perdus
15224,358,2,322.08,Clients perdus
15225,234,1,409.40000000000003,Clients perdus
15226,311,1,154.41,Clients perdus
15227,37,5,1219.4,Clients réguliers
15228,66,4,3386.71,Clients réguliers
15230,239,2,429.6,Clients perdus
15232,113,2,612.06,Clients perdus
15234,277,1,197.0,Clients perdus
15235,218,12,2247.51,Clients réguliers
15236,299,1,321.05,Clients perdus
15237,2,4,1412.32,Récents peu actifs
15238,29,3,1071.99,Clients réguliers
15239,10,2,780.59,Récents peu actifs
15240,45,5,1706.57,Clients réguliers
15241,67,8,1756.44,Clients réguliers
15243,74,1,316.68,Clients perdus
15244,65,2,631.57,Clients réguliers
15245,134,3,2515.84,Clients réguliers
15246,238,2,514.15,Clients perdus
15247,122,1,356.0,Clients perdus
15249,32,13,6688.46,Meilleurs clients
15251,9,11,10484.99,Meilleurs clients
15252,36,2,740.78,Récents peu actifs
15253,16,5,918.1999999999999,Clients réguliers
15254,127,1,300.36,Clients perdus
15255,67,1,890.85,Clients perdus
15256,149,1,98.45,Clients perdus
15257,283,1,317.15,Clients perdus
15258,169,2,623.16,Clients perdus
15260,100,7,1810.77,Clients réguliers
15261,135,1,254.82,Clients perdus
15262,324,1,178.95000000000002,Clients perdus
15263,107,1,156.51,Clients perdus
15264,64,1,393.74,Clients perdus
15265,151,2,1506.1200000000001,Clients réguliers
15266,338,1,119.3,Clients perdus
15267,22,5,1717.36,Clients réguliers
15269,24,1,408.8,Récents peu actifs
15270,16,7,2379.49,Meilleurs clients
15271,7,15,2493.34,Meilleurs clients
15272,57,2,721.94,Clients réguliers
15274,4,2,716.57,Récents peu actifs
15275,38,1,615.14,Récents peu actifs
15276,66,1,128.63,Clients perdus
15277,47,1,255.89999999999998,Clients perdus
15279,355,1,290.51,Clients perdus
15280,172,1,113.12,Clients perdus
15281,59,9,2332.15,Clients réguliers
15286,50,1,240.55,Clients perdus
15287,22,2,486.69,Récents peu actifs
15288,43,5,2306.52,Clients réguliers
15289,29,3,939.78,Clients réguliers
15290,5,18,7943.22,Meilleurs clients
15291,26,14,4623.3,Meilleurs clients
15292,201,1,178.39,Clients perdus
15296,51,6,3672.86,Clients réguliers
15297,10,3,641.94,Récents peu actifs
15298,2,12,4799.9,Meilleurs clients
15299,67,6,3907.01,Clients réguliers
15300,64,1,496.44,Clients perdus
15301,51,12,5049.95,Meilleurs clients
15303,290,1,574.02,Clients perdus
15304,61,8,694.4000000000001,Clients réguliers
15306,64,3,1174.35,Clients réguliers
15307,96,1,205.3,Clients perdus
15308,274,1,310.47,Clients perdus
15311,1,91,60632.75,Meilleurs clients
15312,75,4,924.85,Clients réguliers
15313,110,1,52.0,Clients perdus
15314,199,1,327.97,Clients perdus
15315,64,2,570.5,Clients perdus
15316,327,1,165.0,Clients perdus
15318,4,1,312.62,Récents peu actifs
15319,284,1,204.5,Clients perdus
15320,44,1,267.13,Clients perdus
15321,71,3,2748.31,Clients réguliers
15322,86,1,679.68,Clients perdus
15325,104,1,161.74,Clients perdus
15326,334,1,311.71,Clients perdus
15327,53,1,208.75,Clients perdus
15329,39,3,1049.7,Clients réguliers
15330,32,2,714.96,Récents peu actifs
15332,366,4,1661.06,Clients réguliers
15333,208,1,1028.56,Clients perdus
15334,157,3,347.87,Clients perdus
15335,54,1,170.22,Clients perdus
15339,66,2,574.07,Clients perdus
15341,81,1,2020.52,Clients réguliers
15342,130,1,406.09,Clients perdus
15343,87,1,364.5,Clients perdus
15344,1,3,563.94,Récents peu actifs
15345,46,1,393.54,Clients perdus
15346,333,1,252.42000000000002,Clients perdus
15347,366,1,201.60000000000002,Clients perdus
15348,72,1,158.04,Clients perdus
15349,158,2,463.90999999999997,Clients perdus
15350,373,1,115.65,Clients perdus
15351,12,7,1934.66,Meilleurs clients
15353,255,2,770.12,Clients perdus
15355,29,2,277.05,Récents peu actifs
15356,31,10,2718.03,Meilleurs clients
15358,5,22,8347.2,Meilleurs clients
15360,40,1,427.93,Récents peu actifs
15361,362,1,418.92,Clients perdus
15363,373,1,326.0,Clients perdus
15364,96,2,913.19,Clients réguliers
15365,26,7,2314.32,Clients réguliers
15366,75,2,602.51,Clients perdus
15367,57,4,1877.59,Clients réguliers
15368,21,1,446.94000000000005,Récents peu actifs
15370,41,7,2386.05,Clients réguliers
15372,137,1,2007.3999999999999,Clients réguliers
15373,8,12,2415.91,Meilleurs clients
15374,129,1,168.0,Clients perdus
15376,40,3,1221.56,Clients réguliers
15379,169,7,3703.29,Clients réguliers
15380,9,5,1690.2600000000002,Meilleurs clients
15381,214,2,596.85,Clients perdus
15382,15,6,5955.71,Meilleurs clients
15384,170,2,642.41,Clients perdus
15385,40,1,316.88,Récents peu actifs
15386,186,1,394.14,Clients perdus
15388,270,1,140.54,Clients perdus
15389,172,1,500.0,Clients perdus
15392,5,4,1535.53,Récents peu actifs
15393,16,2,231.86,Récents peu actifs
15394,10,4,2183.54,Clients réguliers
15395,326,1,107.45,Clients perdus
15396,113,1,288.18,Clients perdus
15397,290,1,94.0,Clients perdus
15398,16,2,1345.53,Récents peu actifs
15399,1,3,815.77,Récents peu actifs
15400,92,5,716.2,Clients réguliers
15402,149,2,626.35,Clients perdus
15405,189,1,349.1,Clients perdus
15406,31,2,510.71000000000004,Récents peu actifs
15407,34,4,1046.74,Clients réguliers
15408,264,1,267.18,Clients perdus
15410,84,8,3450.84,Clients réguliers
15411,26,4,1348.93,Clients réguliers
15412,171,1,190.53,Clients perdus
15414,10,3,774.9000000000001,Récents peu actifs
15415,313,1,559.61,Clients perdus
15416,65,4,3984.32,Clients réguliers
15417,85,1,508.8,Clients perdus
15419,25,1,135.86,Récents peu actifs
15421,59,4,950.36,Clients réguliers
15422,323,2,97.7,Clients perdus
15423,38,1,43.5,Clients perdus
15424,254,2,383.34,Clients perdus
15426,19,5,1404.07,Clients réguliers
15427,33,3,1430.54,Clients réguliers
15428,15,1,93.78,Récents peu actifs
15429,27,2,397.35,Récents peu actifs
15432,23,1,171.19,Récents peu actifs
15433,214,2,533.3,Clients perdus
15434,8,5,1041.48,Récents peu actifs
15435,22,1,149.29,Récents peu actifs
15436,12,3,1067.75,Récents peu actifs
15437,262,1,200.16,Clients perdus
15438,131,1,156.57999999999998,Clients perdus
15440,55,3,383.68,Clients réguliers
15442,249,1,594.0,Clients perdus
15443,2,7,3213.59,Meilleurs clients
15444,9,2,1411.21,Récents peu actifs
15445,264,1,113.5,Clients perdus
15447,331,1,155.17,Clients perdus
15448,313,1,494.64,Clients perdus
15449,26,3,974.52,Clients réguliers
15450,30,1,429.84,Récents peu actifs
15452,30,3,528.48,Récents peu actifs
15453,2,7,1371.77,Meilleurs clients
15454,362,1,179.1,Clients perdus
15456,283,3,434.59000000000003,Clients perdus
15457,262,1,237.07,Clients perdus
15458,25,1,161.64,Récents peu actifs
15460,354,1,214.26,Clients perdus
15462,94,3,234.6,Clients perdus
15463,29,1,126.14,Récents peu actifs
15464,338,1,1044.65,Clients perdus
15465,20,18,7354.62,Meilleurs clients
15466,85,1,334.53,Clients perdus
15467,9,3,524.88,Récents peu actifs
15468,51,2,467.51,Récents peu actifs
15469,50,2,538.55,Récents peu actifs
15471,2,1,454.48,Récents peu actifs
15472,113,1,371.56,Clients perdus
15473,14,7,1771.2,Meilleurs clients
15475,77,1,454.10999999999996,Clients perdus
15478,40,2,1399.92,Clients réguliers
15480,116,1,905.5,Clients perdus
15482,16,11,10839.76,Meilleurs clients
15483,161,4,225.26,Clients perdus
15484,1,4,3590.41,Meilleurs clients
15485,30,3,2564.5,Clients réguliers
15488,93,1,91.32000000000001,Clients perdus
15489,23,3,1134.28,Clients réguliers
15491,95,6,3100.09,Clients réguliers
15492,28,2,659.4599999999999,Récents peu actifs
15493,33,5,1953.41,Clients réguliers
15494,21,2,1280.58,Récents peu actifs
15497,18,2,1262.2,Récents peu actifs
15498,3,27,13316.4,Meilleurs clients
15500,8,4,1131.56,Récents peu actifs
15502,16,10,6923.98,Meilleurs clients
15503,363,1,141.04,Clients perdus
15504,81,1,52.83,Clients perdus
15505,53,5,3610.96,Clients réguliers
15506,23,3,972.08,Clients réguliers
15507,172,1,475.86,Clients perdus
15508,189,6,1000.27,Clients réguliers
15510,331,1,250.0,Clients perdus
15511,12,5,900.53,Clients réguliers
15512,156,2,121.0,Clients perdus
15513,33,19,14758.220000000001,Meilleurs clients
15514,12,11,4023.7200000000003,Meilleurs clients
15516,45,3,62.43,Clients perdus
15517,233,1,267.03,Clients perdus
15518,64,8,1921.55,Clients réguliers
15520,2,1,343.5,Récents peu actifs
15521,40,8,3000.2,Clients réguliers
15522,33,2,397.99,Récents peu actifs
15523,84,1,412.01000000000005,Clients perdus
15524,25,1,440.0,Récents peu actifs
15525,2,3,731.87,Récents peu actifs
15526,33,2,148.44,Récents peu actifs
15527,19,8,2428.53,Meilleurs clients
15528,254,1,229.33,Clients perdus
15529,23,11,3960.05,Meilleurs clients
15530,22,4,1497.31,Clients réguliers
15531,8,2,1972.39,Récents peu actifs
15532,25,4,1554.83,Clients réguliers
15533,19,3,807.57,Récents peu actifs
15535,173,4,502.9,Clients réguliers
15537,163,1,110.92,Clients perdus
15539,7,1,538.46,Récents peu actifs
15540,11,1,213.3,Récents peu actifs
15541,114,1,85.13000000000001,Clients perdus
15543,288,1,127.86,Clients perdus
15544,9,9,3546.71,Meilleurs clients
15545,54,2,288.96999999999997,Clients perdus
15547,7,14,4910.6,Meilleurs clients
15549,77,3,1677.71,Clients réguliers
15550,4,4,575.63,Récents peu actifs
15551,37,1,436.06,Récents peu actifs
15552,217,1,90.12,Clients perdus
15553,60,1,428.93,Clients perdus
15554,278,1,217.2,Clients perdus
15555,12,16,4791.87,Meilleurs clients
15556,24,1,279.77,Récents peu actifs
15557,29,1,468.91,Récents peu actifs
15561,12,4,800.59,Récents peu actifs
15562,352,1,134.55,Clients perdus
15563,22,3,1361.44,Clients réguliers
15565,50,2,173.16,Clients perdus
15567,19,1,186.01,Récents peu actifs
15568,3,3,758.29,Récents peu actifs
15569,104,5,1375.71,Clients réguliers
15570,7,12,4148.82,Meilleurs clients
15571,12,4,650.4300000000001,Récents peu actifs
15572,5,7,2533.42,Meilleurs clients
15573,32,2,583.24,Récents peu actifs
15574,178,4,675.64,Clients réguliers
15576,38,1,921.37,Récents peu actifs
15577,151,3,258.88,Clients perdus
15578,162,1,127.1,Clients perdus
15579,69,2,327.6,Clients perdus
15581,156,10,717.4300000000001,Clients réguliers
15582,25,3,682.9100000000001,Récents peu actifs
15584,24,4,720.86,Clients réguliers
15585,177,1,455.3,Clients perdus
15587,50,4,913.6800000000001,Clients réguliers
15589,256,3,478.53000000000003,Clients perdus
15592,47,1,388.58,Clients perdus
15593,71,1,199.8,Clients perdus
15594,16,5,1771.78,Clients réguliers
15596,101,5,1406.59,Clients réguliers
15597,35,1,324.57,Récents peu actifs
15598,53,1,240.68,Clients perdus
15599,27,2,761.74,Récents peu actifs
15601,11,14,6776.56,Meilleurs clients
15602,8,9,1297.8700000000001,Meilleurs clients
15603,79,1,48.480000000000004,Clients perdus
15604,52,1,216.39,Clients perdus
15605,36,5,1198.23,Clients réguliers
15606,61,9,2920.16,Clients réguliers
15607,337,1,104.76,Clients perdus
15608,28,4,1093.68,Clients réguliers
15609,184,1,298.48,Clients perdus
15610,52,1,112.46000000000001,Clients perdus
15611,10,11,1570.45,Meilleurs clients
15612,36,2,195.15,Récents peu actifs
15615,10,23,10399.74,Meilleurs clients
15618,33,4,776.85,Clients réguliers
15619,11,1,336.40000000000003,Récents peu actifs
15620,57,3,1553.18,Clients réguliers
15621,4,4,1293.03,Récents peu actifs
15622,43,9,3709.56,Meilleurs clients
15623,141,1,301.03,Clients perdus
15624,117,4,588.13,Clients réguliers
15625,104,4,1534.26,Clients réguliers
15626,75,2,675.8,Clients réguliers
15628,5,9,2870.2400000000002,Meilleurs clients
15630,45,2,1186.35,Clients réguliers
15632,16,8,3285.31,Meilleurs clients
15634,17,1,243.55,Récents peu actifs
15636,90,2,724.76,Clients perdus
15637,53,1,223.36,Clients perdus
15639,134,1,425.32,Clients perdus
15640,4,15,12416.11,Meilleurs clients
15641,105,4,1887.2,Clients réguliers
15643,192,3,664.0,Clients perdus
15644,166,4,803.54,Clients réguliers
15645,19,1,611.59,Récents peu actifs
15646,158,3,447.64000000000004,Clients perdus
15648,204,2,639.5,Clients perdus
15649,336,2,816.0,Clients perdus
15651,37,3,646.3,Clients réguliers
15652,91,1,337.74,Clients perdus
15653,93,2,877.4399999999999,Clients réguliers
15654,9,2,922.53,Récents peu actifs
15655,243,1,560.67,Clients perdus
15656,45,4,748.5,Clients réguliers
15657,23,1,30.0,Récents peu actifs
15658,190,5,1024.1000000000001,Clients réguliers
15659,44,1,306.45,Clients perdus
15660,25,9,1600.86,Meilleurs clients
15661,317,2,309.8,Clients perdus
15663,106,1,138.14,Clients perdus
15664,51,1,386.43,Clients perdus
15665,168,2,2222.21,Clients réguliers
15667,40,1,301.32,Récents peu actifs
15668,218,1,76.32000000000001,Clients perdus
15669,40,4,684.34,Clients réguliers
15670,297,1,173.05,Clients perdus
15671,19,7,2657.13,Meilleurs clients
15673,88,4,2726.23,Clients réguliers
15674,73,4,2111.89,Clients réguliers
15675,81,3,323.69,Clients perdus
15676,19,3,3435.76,Clients réguliers
15677,49,1,657.23,Clients perdus
15678,53,1,352.7,Clients perdus
15679,24,4,781.28,Clients réguliers
15680,9,3,1333.68,Récents peu actifs
15681,25,5,1426.16,Clients réguliers
15683,117,1,193.75,Clients perdus
15687,9,9,2993.1,Meilleurs clients
15689,120,2,254.1,Clients perdus
15690,4,2,239.76,Récents peu actifs
15691,252,1,136.8,Clients perdus
15692,28,1,191.04,Récents peu actifs
15694,1,13,6464.4,Meilleurs clients
15695,267,2,409.98,Clients perdus
15696,33,8,2711.11,Clients réguliers
15699,18,1,309.65,Récents peu actifs
15700,172,2,696.68,Clients perdus
15701,2,4,1529.0,Meilleurs clients
15703,265,1,211.5,Clients perdus
15704,140,4,2293.62,Clients réguliers
15705,201,1,143.1,Clients perdus
15706,64,4,1060.56,Clients réguliers
15707,35,4,916.98,Clients réguliers
15708,41,7,3235.25,Clients réguliers
15709,284,1,133.25,Clients perdus
15712,9,5,1072.3600000000001,Clients réguliers
15713,143,2,356.7,Clients perdus
15714,12,2,330.03000000000003,Récents peu actifs
15716,146,4,1101.1100000000001,Clients réguliers
15717,234,1,150.3,Clients perdus
15719,33,13,5028.42,Meilleurs clients
15720,24,1,598.73,Récents peu actifs
15721,12,1,471.40000000000003,Récents peu actifs
15722,36,5,2211.21,Clients réguliers
15723,365,1,190.7,Clients perdus
15724,201,2,218.25,Clients perdus
15725,15,1,415.25,Récents peu actifs
15727,17,7,5159.06,Meilleurs clients
15729,213,1,85.0,Clients perdus
15730,66,3,1120.88,Clients réguliers
15732,212,2,294.12,Clients perdus
15733,283,1,162.3,Clients perdus
15734,115,2,1339.45,Clients réguliers
15737,15,8,1188.1200000000001,Meilleurs clients
15738,19,16,4812.42,Meilleurs clients
15739,66,1,449.12,Clients perdus
15740,49,1,154.88,Clients perdus
15743,16,4,775.96,Récents peu actifs
15744,78,1,34.8,Clients perdus
15745,19,4,1094.59,Clients réguliers
15746,134,1,196.88,Clients perdus
15747,13,3,946.64,Récents peu actifs
15748,40,1,144.36,Clients perdus
15749,235,3,44534.3,Clients réguliers
15750,3,8,2463.05,Meilleurs clients
15752,40,7,2626.6,Clients réguliers
15753,305,1,79.2,Clients perdus
15754,51,3,458.57,Clients réguliers
15755,10,6,2364.25,Meilleurs clients
15756,61,4,528.01,Clients réguliers
15757,66,2,714.42,Clients réguliers
15758,25,1,205.25,Récents peu actifs
15759,218,3,253.04,Clients perdus
15762,65,2,583.75,Clients perdus
15763,32,2,1086.92,Clients réguliers
15764,88,6,3279.97,Clients réguliers
15766,64,1,315.06,Clients perdus
15768,116,3,621.8299999999999,Clients réguliers
15769,7,26,56252.72,Meilleurs clients
15773,6,1,635.6800000000001,Récents peu actifs
15774,69,1,270.8,Clients perdus
15775,245,1,104.9,Clients perdus
15776,133,1,241.62,Clients perdus
15777,241,4,1047.11,Clients réguliers
15780,184,3,475.28000000000003,Clients perdus
15781,25,3,345.46,Récents peu actifs
15782,10,3,2614.7400000000002,Clients réguliers
15783,11,1,246.3,Récents peu actifs
15785,33,5,2328.9700000000003,Clients réguliers
15786,46,3,4919.0,Clients réguliers
15787,26,3,933.26,Clients réguliers
15789,358,1,351.3,Clients perdus
15790,10,1,218.75,Récents peu actifs
15791,44,2,1612.69,Clients réguliers
15793,15,3,965.61,Récents peu actifs
15795,150,1,610.01,Clients perdus
15796,1,8,2707.61,Meilleurs clients
15797,113,3,2192.4,Clients réguliers
15799,76,3,884.14,Clients réguliers
15800,107,2,696.89,Clients perdus
15801,46,3,1063.95,Clients réguliers
15803,51,1,415.82000000000005,Clients perdus
15804,1,13,4206.39,Meilleurs clients
15805,23,17,5488.18,Meilleurs clients
15806,46,3,784.58,Clients réguliers
15807,50,3,903.9,Clients réguliers
15808,306,4,3651.27,Clients réguliers
15809,36,5,515.77,Clients réguliers
15810,79,4,1391.98,Clients réguliers
15811,22,6,2218.62,Clients réguliers
15812,107,5,1801.14,Clients réguliers
15813,208,2,1303.9099999999999,Clients réguliers
15814,17,4,1945.33,Clients réguliers
15815,64,5,2100.6,Clients réguliers
15819,49,4,1905.45,Clients réguliers
15820,320,1,206.98,Clients perdus
15821,44,2,570.96,Récents peu actifs
15822,3,2,885.47,Récents peu actifs
15823,372,1,15.0,Clients perdus
15825,172,1,532.94,Clients perdus
15826,56,3,1654.31,Clients réguliers
15827,73,14,1836.0900000000001,Clients réguliers
15829,99,2,636.14,Clients perdus
15830,38,1,576.0,Récents peu actifs
15831,58,3,794.64,Clients réguliers
15832,254,1,836.79,Clients perdus
15834,70,4,2222.65,Clients réguliers
15835,44,4,954.09,Clients réguliers
15836,50,1,137.37,Clients perdus
15837,65,1,391.98,Clients perdus
15838,11,19,33643.08,Meilleurs clients
15839,33,3,1048.49,Clients réguliers
15840,59,2,355.56,Clients perdus
15841,73,4,1224.06,Clients réguliers
15843,304,1,118.95000000000002,Clients perdus
15844,46,1,130.73999999999998,Clients perdus
15845,18,8,3711.77,Meilleurs clients
15847,38,2,389.27,Récents peu actifs
15850,19,2,234.88,Récents peu actifs
15852,187,2,160.71,Clients perdus
15853,52,1,110.8,Clients perdus
15854,4,12,2969.12,Meilleurs clients
15855,137,5,712.24,Clients réguliers
15856,4,27,16142.380000000001,Meilleurs clients
15857,19,1,297.0,Récents peu actifs
15858,16,5,1427.57,Clients réguliers
15860,41,8,965.16,Clients réguliers
15861,12,8,3146.92,Meilleurs clients
15862,8,4,832.88,Récents peu actifs
15863,26,2,68.84,Récents peu actifs
15864,22,6,1936.3200000000002,Clients réguliers
15865,41,3,895.13,Clients réguliers
15866,101,1,211.89,Clients perdus
15867,5,15,3803.6,Meilleurs clients
15869,277,2,149.64,Clients perdus
15870,33,1,351.44,Récents peu actifs
15872,15,2,316.25,Récents peu actifs
15874,64,7,4405.88,Clients réguliers
15877,2,2,490.33,Récents peu actifs
15880,369,1,329.03000000000003,Clients perdus
15881,312,5,501.39000000000004,Clients réguliers
15882,199,4,514.08,Clients réguliers
15883,2,2,396.48,Récents peu actifs
15885,93,1,349.35,Clients perdus
15886,60,1,181.09,Clients perdus
15888,81,1,162.64,Clients perdus
15889,157,2,400.77,Clients perdus
15891,227,1,509.13,Clients perdus
15894,253,2,257.6,Clients perdus
15895,150,1,179.17,Clients perdus
15897,194,2,208.59,Clients perdus
15898,1,5,1383.83,Meilleurs clients
15899,369,1,56.25,Clients perdus
15900,24,1,337.28,Récents peu actifs
15901,17,3,349.75,Récents peu actifs
15903,10,7,5126.76,Meilleurs clients
15904,8,1,164.68,Récents peu actifs
15906,20,7,1567.69,Clients réguliers
15907,4,3,881.87,Récents peu actifs
15909,174,1,191.94,Clients perdus
15910,1,8,1228.88,Meilleurs clients
15912,178,2,264.62,Clients perdus
15916,16,8,1502.8600000000001,Meilleurs clients
15917,248,1,123.1,Clients perdus
15918,191,2,334.23,Clients perdus
15919,20,2,525.69,Récents peu actifs
15920,154,3,163.55,Clients perdus
15921,173,1,323.03000000000003,Clients perdus
15922,373,1,369.5,Clients perdus
15923,373,1,127.08,Clients perdus
15925,194,1,207.15,Clients perdus
15930,67,1,426.63,Clients perdus
15932,4,8,2495.87,Meilleurs clients
15933,21,3,1107.46,Clients réguliers
15935,239,1,108.03999999999999,Clients perdus
15937,64,1,145.35,Clients perdus
15938,112,5,404.58,Clients réguliers
15939,90,15,6115.01,Meilleurs clients
15940,311,1,35.8,Clients perdus
15942,134,1,337.44,Clients perdus
15944,277,1,325.1,Clients perdus
15945,365,1,181.0,Clients perdus
15947,83,1,1708.24,Clients réguliers
15948,8,2,955.24,Récents peu actifs
15949,17,2,364.72,Récents peu actifs
15950,32,4,1744.71,Clients réguliers
15951,9,2,708.22,Récents peu actifs
15952,34,4,781.91,Clients réguliers
15953,15,8,1657.28,Meilleurs clients
15955,24,14,4416.26,Meilleurs clients
15957,32,1,428.89,Récents peu actifs
15958,74,1,104.35,Clients perdus
15963,20,2,470.76,Récents peu actifs
15965,17,4,808.87,Clients réguliers
15967,23,2,397.68,Récents peu actifs
15969,3,3,666.1,Récents peu actifs
15970,304,1,314.1,Clients perdus
15971,18,12,4194.9,Meilleurs clients
15973,367,1,307.82000000000005,Clients perdus
15974,39,7,3442.15,Clients réguliers
15975,84,1,371.01,Clients perdus
15976,165,2,427.64,Clients perdus
15977,17,2,1054.73,Récents peu actifs
15978,77,1,1098.78,Clients perdus
15980,89,3,2398.86,Clients réguliers
15981,25,8,3408.48,Meilleurs clients
15983,22,4,1465.12,Clients réguliers
15984,3,10,2780.63,Meilleurs clients
15985,123,2,1142.42,Clients réguliers
15986,30,1,168.12,Récents peu actifs
15987,12,7,1432.77,Meilleurs clients
15988,19,1,156.78,Récents peu actifs
15990,44,2,792.11,Clients réguliers
15992,4,1,41.989999999999995,Récents peu actifs
15993,9,7,2768.97,Meilleurs clients
15994,55,1,414.27,Clients perdus
15996,88,6,1032.58,Clients réguliers
15998,37,5,3080.22,Clients réguliers
16000,3,3,12393.7,Meilleurs clients
16003,30,5,2735.37,Clients réguliers
16005,12,4,578.71,Récents peu actifs
16006,211,1,101.4,Clients perdus
16007,48,4,1693.81,Clients réguliers
16008,24,3,478.78,Récents peu actifs
16009,22,4,972.11,Clients réguliers
16010,246,3,392.4,Clients perdus
16011,8,16,3352.96,Meilleurs clients
16012,35,3,1415.29,Clients réguliers
16013,4,47,37130.6,Meilleurs clients
16014,38,3,646.83,Clients réguliers
16015,4,3,704.26,Récents peu actifs
16016,3,8,1465.51,Meilleurs clients
16017,47,1,211.88,Clients perdus
16018,39,2,408.90000000000003,Récents peu actifs
16019,47,9,3786.2400000000002,Clients réguliers
16020,17,3,851.01,Récents peu actifs
16022,260,1,602.63,Clients perdus
16023,46,3,719.81,Clients réguliers
16024,12,1,245.75,Récents peu actifs
16025,30,1,439.65999999999997,Récents peu actifs
16026,43,1,236.09,Clients perdus
16027,92,6,934.62,Clients réguliers
16029,39,62,72708.09,Meilleurs clients
16030,310,1,331.24,Clients perdus
16031,92,2,547.9,Clients perdus
16033,6,20,8778.82,Meilleurs clients
16034,196,3,437.7,Clients perdus
16036,87,2,758.92,Clients réguliers
16037,270,3,855.02,Clients perdus
16038,8,3,471.78000000000003,Récents peu actifs
16040,65,3,1313.55,Clients réguliers
16041,31,3,3166.4,Clients réguliers
16042,22,5,1177.47,Clients réguliers
16043,38,4,773.99,Clients réguliers
16045,120,4,1340.7,Clients réguliers
16048,373,2,256.44,Clients perdus
16049,40,3,1074.81,Clients réguliers
16050,174,1,137.9,Clients perdus
16052,54,1,362.06,Clients perdus
16053,33,2,1511.95,Clients réguliers
16054,145,1,783.9,Clients perdus
16055,221,1,134.8,Clients perdus
16056,45,1,650.75,Récents peu actifs
16057,16,7,2263.12,Meilleurs clients
16059,66,6,1453.16,Clients réguliers
16062,10,4,1153.62,Récents peu actifs
16063,260,1,335.32,Clients perdus
16065,365,1,367.14,Clients perdus
16066,17,5,1521.04,Clients réguliers
16070,22,2,852.15,Récents peu actifs
16071,45,1,326.24,Clients perdus
16072,288,1,584.3199999999999,Clients perdus
16073,297,1,122.39999999999999,Clients perdus
16076,3,10,2234.73,Meilleurs clients
16078,284,1,79.2,Clients perdus
16079,17,3,1352.0,Clients réguliers
16080,82,2,217.16,Clients perdus
16081,56,5,2799.42,Clients réguliers
16083,101,2,1317.62,Clients réguliers
16084,299,1,436.18,Clients perdus
16085,23,5,981.51,Clients réguliers
16086,59,5,1121.39,Clients réguliers
16091,155,2,315.06,Clients perdus
16092,115,3,817.86,Clients réguliers
16093,107,1,17.0,Clients perdus
16094,12,4,1078.23,Clients réguliers
16096,264,1,320.62,Clients perdus
16097,240,1,185.04999999999998,Clients perdus
16098,88,7,2005.63,Clients réguliers
16099,50,3,731.9,Clients réguliers
16101,71,1,1290.7,Clients réguliers
16102,42,3,1842.14,Clients réguliers
16103,7,6,1429.64,Meilleurs clients
16104,62,1,298.21,Clients perdus
16105,249,1,336.96,Clients perdus
16106,66,1,108.38,Clients perdus
16107,18,7,3204.1600000000003,Meilleurs clients
16108,85,1,842.5,Clients perdus
16109,219,2,611.88,Clients perdus
16110,45,3,1320.95,Clients réguliers
16112,143,4,195.73999999999998,Clients perdus
16113,183,1,161.38,Clients perdus
16114,171,1,135.75000000000003,Clients perdus
16115,10,8,1660.8799999999999,Meilleurs clients
16116,212,1,612.78,Clients perdus
16117,190,1,232.21,Clients perdus
16119,8,2,423.36,Récents peu actifs
16120,59,4,1309.14,Clients réguliers
16121,57,2,854.66,Clients réguliers
16122,73,4,684.4200000000001,Clients réguliers
16123,52,1,307.78,Clients perdus
16124,317,1,249.0,Clients perdus
16125,367,1,289.35,Clients perdus
16126,29,4,6287.77,Clients réguliers
16127,39,1,656.25,Récents peu actifs
16128,18,5,1880.22,Clients réguliers
16131,52,6,3506.54,Clients réguliers
16133,4,33,14589.04,Meilleurs clients
16134,22,2,618.09,Récents peu actifs
16135,263,1,517.55,Clients perdus
16136,60,3,709.38,Clients réguliers
16139,19,3,635.41,Récents peu actifs
16140,66,2,725.18,Clients réguliers
16141,88,1,620.4,Clients perdus
16142,250,1,535.34,Clients perdus
16143,3,6,2424.94,Meilleurs clients
16144,247,1,175.2,Clients perdus
16145,9,11,3799.4900000000002,Meilleurs clients
16146,157,3,734.13,Clients réguliers
16147,134,1,375.0,Clients perdus
16148,296,1,76.32000000000001,Clients perdus
16149,5,2,280.52,Récents peu actifs
16150,43,5,2053.02,Clients réguliers
16152,269,1,1829.04,Clients perdus
16153,50,5,1824.23,Clients réguliers
16156,9,9,3092.04,Meilleurs clients
16157,16,3,656.69,Récents peu actifs
16159,282,1,348.2,Clients perdus
16160,65,2,1025.44,Clients réguliers
16161,2,19,5533.67,Meilleurs clients
16162,252,1,37.4,Clients perdus
16163,232,2,856.6,Clients perdus
16164,17,3,822.48,Récents peu actifs
16168,11,27,3787.6,Meilleurs clients
16169,8,4,1822.97,Clients réguliers
16170,51,6,1885.05,Clients réguliers
16171,59,1,73.2,Clients perdus
16172,95,5,1140.21,Clients réguliers
16173,16,6,1418.32,Clients réguliers
16174,126,3,1009.5500000000001,Clients réguliers
16175,94,4,1037.59,Clients réguliers
16177,50,1,331.95,Clients perdus
16178,138,1,197.9,Clients perdus
16179,61,1,215.83,Clients perdus
16180,100,8,10254.18,Clients réguliers
16181,73,1,305.54,Clients perdus
16182,72,4,6617.65,Clients réguliers
16183,67,1,338.71000000000004,Clients perdus
16184,64,6,1158.79,Clients réguliers
16185,17,2,529.41,Récents peu actifs
16186,23,12,4006.94,Meilleurs clients
16187,32,15,6911.4400000000005,Meilleurs clients
16188,45,4,981.86,Clients réguliers
16189,16,2,215.48,Récents peu actifs
16190,40,1,215.08,Clients perdus
16191,3,13,5180.52,Meilleurs clients
16193,237,1,314.45,Clients perdus
16198,75,1,400.68,Clients perdus
16200,4,2,1068.8700000000001,Récents peu actifs
16201,3,4,1863.47,Meilleurs clients
16202,361,1,365.27,Clients perdus
16203,59,4,592.9,Clients réguliers
16204,23,1,384.18,Récents peu actifs
16205,31,4,751.03,Clients réguliers
16206,55,4,537.0600000000001,Clients réguliers
16207,25,1,394.38,Récents peu actifs
16208,45,2,664.26,Récents peu actifs
16209,89,5,2262.62,Clients réguliers
16210,2,17,21076.3,Meilleurs clients
16211,89,1,547.02,Clients perdus
16212,19,2,690.34,Récents peu actifs
16213,79,1,159.0,Clients perdus
16214,171,3,1062.75,Clients réguliers
16215,81,1,242.35,Clients perdus
16216,267,1,914.9300000000001,Clients perdus
16217,235,2,304.25,Clients perdus
16218,30,7,3084.68,Clients réguliers
16221,37,3,860.86,Clients réguliers
16222,318,1,773.5500000000001,Clients perdus
16224,57,4,1295.3,Clients réguliers
16225,45,5,1096.32,Clients réguliers
16226,203,3,255.12,Clients perdus
16227,225,1,314.22,Clients perdus
16229,87,2,1010.6,Clients réguliers
16230,190,2,542.03,Clients perdus
16232,44,4,990.88,Clients réguliers
16233,71,3,536.6800000000001,Clients réguliers
16235,41,4,857.31,Clients réguliers
16236,78,1,432.2,Clients perdus
16239,57,2,414.2,Clients perdus
16240,24,2,3718.8,Clients réguliers
16241,10,13,2590.31,Meilleurs clients
16242,8,7,3579.86,Meilleurs clients
16243,34,2,409.1,Récents peu actifs
16244,212,2,1522.75,Clients réguliers
16245,24,3,1413.66,Clients réguliers
16247,170,1,114.56,Clients perdus
16248,62,1,152.94,Clients perdus
16249,53,5,1800.07,Clients réguliers
16250,261,2,389.44,Clients perdus
16253,67,2,3683.86,Clients réguliers
16255,17,8,2619.91,Meilleurs clients
16256,267,1,752.4300000000001,Clients perdus
16257,177,1,46.95,Clients perdus
16258,45,5,5203.51,Clients réguliers
16260,51,1,1035.45,Récents peu actifs
16261,17,4,728.54,Récents peu actifs
16265,9,9,5447.0,Meilleurs clients
16266,74,7,861.89,Clients réguliers
16268,71,2,667.65,Clients réguliers
16270,353,1,1141.24,Clients perdus
16271,3,5,1404.64,Meilleurs clients
16272,117,1,411.7,Clients perdus
16274,373,1,331.55,Clients perdus
16275,197,1,559.87,Clients perdus
16276,177,1,810.6000000000001,Clients perdus
16278,100,1,566.38,Clients perdus
16279,21,3,1502.78,Clients réguliers
16281,72,1,2062.06,Clients réguliers
16282,340,1,168.3,Clients perdus
16283,6,5,1569.11,Meilleurs clients
16284,31,2,812.68,Récents peu actifs
16287,170,1,142.5,Clients perdus
16292,122,1,302.25,Clients perdus
16293,22,10,2248.9900000000002,Meilleurs clients
16295,10,4,1328.55,Clients réguliers
16297,269,1,301.9,Clients perdus
16298,23,3,598.2,Récents peu actifs
16302,127,1,233.22,Clients perdus
16303,26,3,5360.63,Clients réguliers
16305,139,1,361.21999999999997,Clients perdus
16306,214,6,632.27,Clients réguliers
16308,38,4,2560.0,Clients réguliers
16309,106,2,706.57,Clients perdus
16311,18,2,616.26,Récents peu actifs
16313,3,2,274.15000000000003,Récents peu actifs
16315,331,1,226.37,Clients perdus
16316,64,8,2938.91,Clients réguliers
16317,120,3,1341.65,Clients réguliers
16318,35,1,328.15,Récents peu actifs
16319,218,1,404.40000000000003,Clients perdus
16320,172,2,1038.46,Clients perdus
16321,72,5,373.65000000000003,Clients réguliers
16322,1,2,326.75,Récents peu actifs
16323,196,1,207.50000000000003,Clients perdus
16324,128,3,408.59000000000003,Clients perdus
16325,47,3,594.24,Clients réguliers
16326,6,14,3039.2200000000003,Meilleurs clients
16327,14,6,3789.67,Meilleurs clients
16330,18,3,251.91,Récents peu actifs
16332,28,7,1582.8,Clients réguliers
16333,8,22,26626.8,Meilleurs clients
16337,37,1,151.05,Clients perdus
16338,157,1,214.79999999999998,Clients perdus
16339,284,1,94.05,Clients perdus
16340,107,1,534.31,Clients perdus
16341,25,4,1971.87,Clients réguliers
16342,75,4,322.41,Clients réguliers
16343,16,2,328.58,Récents peu actifs
16344,158,1,101.10000000000001,Clients perdus
16345,44,1,565.46,Récents peu actifs
16347,11,2,847.45,Récents peu actifs
16348,32,7,1413.31,Clients réguliers
16349,291,1,53.5,Clients perdus
16350,21,4,1116.47,Clients réguliers
16351,333,1,153.9,Clients perdus
16352,18,2,494.44,Récents peu actifs
16353,4,23,6675.71,Meilleurs clients
16354,63,2,395.8,Clients perdus
16356,198,3,211.77,Clients perdus
16357,33,3,658.88,Clients réguliers
16358,1,4,2027.5,Meilleurs clients
16359,7,9,1750.92,Meilleurs clients
16360,5,6,3450.41,Meilleurs clients
16361,10,4,891.21,Récents peu actifs
16362,32,5,709.99,Clients réguliers
16363,53,1,109.36000000000001,Clients perdus
16364,12,2,705.79,Récents peu actifs
16365,18,9,1540.42,Meilleurs clients
16366,19,1,327.3,Récents peu actifs
16367,37,2,800.67,Récents peu actifs
16368,2,2,479.91,Récents peu actifs
16369,18,3,1543.33,Clients réguliers
16370,82,4,1301.91,Clients réguliers
16372,33,2,355.73,Récents peu actifs
16374,66,2,458.78000000000003,Clients perdus
16376,9,2,974.96,Récents peu actifs
16377,267,1,676.2,Clients perdus
16378,247,3,362.95,Clients perdus
16379,4,4,2157.4,Meilleurs clients
16380,61,1,1743.1499999999999,Clients réguliers
16383,75,2,643.76,Clients perdus
16384,90,2,584.5,Clients perdus
16385,60,3,554.86,Clients réguliers
16386,29,2,302.57,Récents peu actifs
16387,323,1,94.36,Clients perdus
16389,53,4,1382.07,Clients réguliers
16392,270,1,217.89,Clients perdus
16393,2,13,3040.96,Meilleurs clients
16394,57,5,1555.34,Clients réguliers
16395,61,5,1482.06,Clients réguliers
16398,154,2,1705.8,Clients réguliers
16399,19,2,406.21999999999997,Récents peu actifs
16400,95,1,303.93,Clients perdus
16401,1,12,4098.32,Meilleurs clients
16402,265,2,293.45,Clients perdus
16403,312,1,177.5,Clients perdus
16404,70,1,443.05,Clients perdus
16405,302,2,167.25,Clients perdus
16406,19,1,154.35,Récents peu actifs
16407,13,10,2079.68,Meilleurs clients
16409,36,5,2022.98,Clients réguliers
16411,19,2,211.7,Récents peu actifs
16412,54,1,135.99,Clients perdus
16413,57,1,262.2,Clients perdus
16414,22,2,126.25,Récents peu actifs
16415,44,1,200.27,Clients perdus
16416,27,3,1051.4,Clients réguliers
16418,45,3,631.12,Clients réguliers
16419,113,6,958.71,Clients réguliers
16422,17,51,34684.4,Meilleurs clients
16423,25,1,346.12,Récents peu actifs
16424,191,1,133.56,Clients perdus
16425,302,1,302.7,Clients perdus
16426,2,10,1863.76,Meilleurs clients
16427,263,2,241.06,Clients perdus
16429,106,1,284.55,Clients perdus
16430,57,1,300.85,Clients perdus
16431,213,3,623.28,Clients perdus
16432,64,1,287.4,Clients perdus
16433,28,1,184.26,Récents peu actifs
16434,29,7,1511.8,Clients réguliers
16438,6,5,798.35,Récents peu actifs
16440,8,5,3640.67,Meilleurs clients
16441,67,2,381.2,Clients perdus
16442,2,3,609.3,Récents peu actifs
16444,46,4,654.67,Clients réguliers
16445,34,1,230.51,Récents peu actifs
16446,1,2,168472.5,Meilleurs clients
16447,136,1,255.91,Clients perdus
16448,198,1,182.99,Clients perdus
16449,198,2,707.69,Clients perdus
16450,150,1,311.92,Clients perdus
16451,88,1,266.97,Clients perdus
16454,64,1,5.9,Clients perdus
16455,64,7,1841.18,Clients réguliers
16456,99,5,2158.18,Clients réguliers
16457,218,1,208.36,Clients perdus
16458,3,18,3482.7400000000002,Meilleurs clients
16460,28,3,811.23,Clients réguliers
16461,178,1,142.92,Clients perdus
16462,74,3,136.0,Clients perdus
16463,21,4,1422.4,Clients réguliers
16464,20,3,1298.66,Clients réguliers
16466,34,7,1595.96,Clients réguliers
16468,74,1,74.9,Clients perdus
16469,24,4,625.42,Clients réguliers
16470,52,4,752.77,Clients réguliers
16471,275,1,223.95000000000002,Clients perdus
16473,165,3,316.11,Clients perdus
16474,7,7,1810.49,Meilleurs clients
16475,88,4,544.3,Clients réguliers
16477,64,7,2494.46,Clients réguliers
16478,25,3,331.0,Récents peu actifs
16479,10,2,300.83,Récents peu actifs
16480,76,1,769.29,Clients perdus
16482,16,1,220.62,Récents peu actifs
16483,192,1,139.35,Clients perdus
16484,174,2,404.3,Clients perdus
16485,77,1,363.65,Clients perdus
16488,33,3,498.8,Récents peu actifs
16491,47,1,731.5,Récents peu actifs
16493,80,4,1351.63,Clients réguliers
16494,297,1,826.53,Clients perdus
16495,3,3,648.26,Récents peu actifs
16496,9,3,1599.52,Récents peu actifs
16497,50,6,2965.69,Clients réguliers
16498,161,2,100.97,Clients perdus
16499,360,2,365.45,Clients perdus
16500,5,6,400.86,Récents peu actifs
16503,107,4,1431.93,Clients réguliers
16504,25,1,465.88,Récents peu actifs
16505,32,1,777.6,Récents peu actifs
16506,20,2,90.30000000000001,Récents peu actifs
16509,297,1,363.7,Clients perdus
16510,372,1,248.1,Clients perdus
16511,22,3,916.33,Clients réguliers
16513,5,4,874.59,Récents peu actifs
16515,52,5,1624.14,Clients réguliers
16516,30,1,101.69999999999999,Récents peu actifs
16517,277,1,162.7,Clients perdus
16518,61,2,484.32,Clients perdus
16519,25,2,212.98,Récents peu actifs
16520,186,3,1046.57,Clients réguliers
16523,2,21,9418.470000000001,Meilleurs clients
16525,2,26,13027.45,Meilleurs clients
16526,172,1,290.36,Clients perdus
16527,81,1,228.06,Clients perdus
16528,4,1,244.41,Récents peu actifs
16529,190,1,455.25,Clients perdus
16531,22,7,1244.59,Clients réguliers
16532,18,3,6748.8,Clients réguliers
16533,19,3,1082.81,Clients réguliers
16535,5,1,593.75,Récents peu actifs
16536,110,1,548.12,Clients perdus
16539,3,4,1388.81,Récents peu actifs
16542,54,1,119.62,Clients perdus
16545,165,1,339.3,Clients perdus
16546,291,2,787.15,Clients perdus
16549,10,10,4034.9,Meilleurs clients
16550,109,5,2298.97,Clients réguliers
16551,96,3,922.12,Clients réguliers
16552,243,2,379.73,Clients perdus
16553,163,12,5719.82,Clients réguliers
16554,42,3,837.1,Clients réguliers
16555,35,2,285.89,Récents peu actifs
16556,67,7,3313.79,Clients réguliers
16557,24,2,281.85,Récents peu actifs
16558,1,20,8338.49,Meilleurs clients
16560,27,2,841.41,Récents peu actifs
16561,6,2,511.12,Récents peu actifs
16563,54,1,1077.74,Clients réguliers
16565,364,1,173.7,Clients perdus
16566,15,5,614.66,Récents peu actifs
16567,194,2,865.6,Clients perdus
16569,3,1,124.2,Récents peu actifs
16570,15,10,3738.4,Meilleurs clients
16571,27,3,1421.69,Clients réguliers
16572,127,3,1009.6,Clients réguliers
16573,85,2,663.61,Clients perdus
16574,71,1,451.44,Clients perdus
16581,183,1,105.84,Clients perdus
16582,113,1,313.62,Clients perdus
16583,374,1,233.45,Clients perdus
16584,80,2,936.08,Clients réguliers
16586,249,1,463.95,Clients perdus
16587,232,1,225.15,Clients perdus
16589,71,3,459.24,Clients réguliers
16591,69,1,213.5,Clients perdus
16592,4,16,4113.68,Meilleurs clients
16593,51,3,330.03,Récents peu actifs
16594,75,1,181.09,Clients perdus
16595,61,1,360.16,Clients perdus
16596,16,2,250.15,Récents peu actifs
16597,4,1,90.04,Récents peu actifs
16598,286,1,145.04999999999998,Clients perdus
16600,4,6,813.52,Récents peu actifs
16601,41,1,241.53,Clients perdus
16602,36,1,528.08,Récents peu actifs
16603,75,2,482.47,Clients perdus
16607,18,14,3347.71,Meilleurs clients
16609,15,7,5493.46,Meilleurs clients
16610,219,1,75.66,Clients perdus
16611,186,1,129.49,Clients perdus
16612,33,4,1187.66,Clients réguliers
16613,70,1,618.59,Clients perdus
16614,183,1,506.19,Clients perdus
16616,15,2,500.42,Récents peu actifs
16617,236,1,151.85,Clients perdus
16618,31,5,2647.59,Clients réguliers
16619,264,1,226.21,Clients perdus
16620,4,2,178.96,Récents peu actifs
16621,52,4,813.48,Clients réguliers
16623,246,1,129.45,Clients perdus
16624,81,2,810.5699999999999,Clients réguliers
16625,275,1,333.08,Clients perdus
16626,1,17,4413.1,Meilleurs clients
16627,79,1,322.8,Clients perdus
16628,30,5,2188.05,Clients réguliers
16629,74,2,408.63,Clients perdus
16633,17,6,2883.1,Meilleurs clients
16634,223,2,217.9,Clients perdus
16637,32,4,1154.47,Clients réguliers
16638,23,10,1680.72,Meilleurs clients
16639,31,3,1257.51,Clients réguliers
16641,106,1,231.10000000000002,Clients perdus
16642,5,2,688.33,Récents peu actifs
16643,246,1,487.51,Clients perdus
16644,178,2,833.78,Clients perdus
16647,170,2,214.06,Clients perdus
16648,43,1,290.65999999999997,Clients perdus
16650,72,1,518.42,Clients perdus
16652,59,7,6773.97,Clients réguliers
16653,16,2,1212.66,Récents peu actifs
16654,141,4,601.27,Clients réguliers
16655,18,6,3789.52,Meilleurs clients
16656,22,15,8625.8,Meilleurs clients
16657,10,4,874.43,Récents peu actifs
16658,368,1,123.24,Clients perdus
16659,189,1,39.12,Clients perdus
16660,16,4,1267.6499999999999,Clients réguliers
16665,362,1,135.39999999999998,Clients perdus
16666,19,1,118.98,Récents peu actifs
16667,68,2,567.1800000000001,Clients perdus
16668,15,6,306.71999999999997,Récents peu actifs
16669,24,2,1344.48,Clients réguliers
16670,17,11,4095.9,Meilleurs clients
16671,28,3,1692.27,Clients réguliers
16672,2,20,8134.9400000000005,Meilleurs clients
16674,55,2,304.24,Clients perdus
16676,34,4,1592.1200000000001,Clients réguliers
16678,3,12,3109.99,Meilleurs clients
16679,366,1,129.75,Clients perdus
16680,43,1,183.7,Clients perdus
16681,73,6,1770.34,Clients réguliers
16682,5,5,1028.0,Récents peu actifs
16684,4,28,66653.56,Meilleurs clients
16685,61,2,324.24,Clients perdus
16686,47,7,2959.88,Clients réguliers
16688,1,4,1260.86,Récents peu actifs
16689,76,2,422.59999999999997,Clients perdus
16690,72,2,225.57999999999998,Clients perdus
16692,256,2,1126.0,Clients perdus
16693,69,2,477.86,Clients perdus
16696,135,4,657.9000000000001,Clients réguliers
16697,241,1,112.75,Clients perdus
16698,227,2,1998.0,Clients réguliers
16700,9,13,5076.55,Meilleurs clients
16701,9,13,5398.3,Meilleurs clients
16705,1,20,14034.99,Meilleurs clients
16706,37,3,531.35,Récents peu actifs
16708,46,1,656.63,Récents peu actifs
16709,85,5,3029.87,Clients réguliers
16710,19,10,2467.99,Meilleurs clients
16711,3,5,1651.03,Meilleurs clients
16712,9,11,3603.66,Meilleurs clients
16713,19,15,6910.78,Meilleurs clients
16714,219,3,1129.06,Clients réguliers
16715,78,1,301.71999999999997,Clients perdus
16716,267,2,901.2,Clients perdus
16717,24,6,3843.08,Clients réguliers
16718,369,1,606.0500000000001,Clients perdus
16719,15,7,1770.22,Meilleurs clients
16720,26,1,152.95,Récents peu actifs
16721,262,1,292.47,Clients perdus
16722,17,13,4730.81,Meilleurs clients
16723,91,2,576.4,Clients perdus
16725,302,6,756.82,Clients réguliers
16726,26,5,1358.74,Clients réguliers
16727,364,1,256.32,Clients perdus
16728,46,4,1048.28,Clients réguliers
16729,38,21,7202.01,Meilleurs clients
16730,52,3,743.11,Clients réguliers
16732,32,1,603.75,Récents peu actifs
16734,52,3,646.76,Clients réguliers
16735,79,5,2247.41,Clients réguliers
16737,53,1,417.59999999999997,Clients perdus
16738,298,1,3.75,Clients perdus
16739,177,1,323.0,Clients perdus
16743,29,7,2213.13,Clients réguliers
16744,11,7,1291.91,Meilleurs clients
16745,87,17,7180.7,Meilleurs clients
16746,5,18,6680.11,Meilleurs clients
16747,38,2,836.06,Clients réguliers
16748,18,5,1515.9,Clients réguliers
16750,45,5,623.93,Clients réguliers
16751,31,1,1764.72,Clients réguliers
16752,373,1,207.5,Clients perdus
16753,58,1,223.92000000000002,Clients perdus
16754,372,1,2002.4,Clients perdus
16755,114,3,1475.43,Clients réguliers
16756,215,1,239.4,Clients perdus
16757,319,1,106.83000000000001,Clients perdus
16758,65,1,369.34000000000003,Clients perdus
16759,8,3,789.79,Récents peu actifs
16761,97,1,316.62,Clients perdus
16762,20,3,1207.24,Clients réguliers
16763,199,1,611.85,Clients perdus
16764,4,13,2790.9500000000003,Meilleurs clients
16765,294,1,34.0,Clients perdus
16766,273,2,1145.6,Clients perdus
16767,31,11,5575.56,Meilleurs clients
16768,48,3,478.09000000000003,Clients réguliers
16769,260,1,361.54,Clients perdus
16770,58,5,757.1,Clients réguliers
16771,33,5,2230.61,Clients réguliers
16773,57,1,171.59,Clients perdus
16774,68,4,661.52,Clients réguliers
16775,10,11,1691.51,Meilleurs clients
16776,60,1,371.54,Clients perdus
16777,80,2,222.62,Clients perdus
16778,74,2,245.94,Clients perdus
16779,2,22,10611.720000000001,Meilleurs clients
16780,100,2,422.24,Clients perdus
16781,372,1,311.25,Clients perdus
16782,10,13,2267.9500000000003,Meilleurs clients
16784,20,1,107.6,Récents peu actifs
16788,123,2,592.74,Clients perdus
16789,8,1,80.8,Récents peu actifs
16790,4,6,1545.6200000000001,Meilleurs clients
16791,29,7,1693.03,Clients réguliers
16792,282,2,110.38000000000001,Clients perdus
16793,57,1,243.84,Clients perdus
16794,1,10,1194.48,Meilleurs clients
16795,365,1,414.88,Clients perdus
16796,89,1,305.62,Clients perdus
16800,11,1,1162.65,Récents peu actifs
16801,163,4,1594.23,Clients réguliers
16803,65,1,332.3,Clients perdus
16804,23,3,536.99,Récents peu actifs
16805,174,2,460.59,Clients perdus
16806,103,4,736.21,Clients réguliers
16807,143,3,1121.59,Clients réguliers
16808,99,2,288.42,Clients perdus
16809,23,5,914.69,Clients réguliers
16810,192,1,309.54,Clients perdus
16811,5,2,547.07,Récents peu actifs
16812,361,1,479.35,Clients perdus
16813,8,10,1652.18,Meilleurs clients
16814,14,21,6406.8,Meilleurs clients
16816,103,4,417.06,Clients réguliers
16817,3,9,1604.75,Meilleurs clients
16818,11,11,3349.57,Meilleurs clients
16820,96,1,497.61,Clients perdus
16823,227,1,358.38,Clients perdus
16824,16,2,460.64,Récents peu actifs
16825,39,2,775.1800000000001,Récents peu actifs
16826,51,1,341.7,Clients perdus
16828,112,1,113.5,Clients perdus
16829,157,1,197.22,Clients perdus
16830,39,1,325.91,Récents peu actifs
16832,184,3,199.15,Clients perdus
16833,1,4,1106.53,Récents peu actifs
16834,228,1,413.46,Clients perdus
16835,128,2,180.85,Clients perdus
16836,40,2,251.87,Récents peu actifs
16837,31,11,3170.98,Meilleurs clients
16838,197,2,588.85,Clients perdus
16839,9,34,16594.35,Meilleurs clients
16841,37,6,1869.82,Clients réguliers
16842,101,3,1264.19,Clients réguliers
16843,43,16,10196.57,Meilleurs clients
16846,50,1,214.32,Clients perdus
16847,43,1,193.44,Clients perdus
16848,53,1,281.42,Clients perdus
16849,187,1,124.57,Clients perdus
16850,334,1,332.41,Clients perdus
16851,4,3,342.45,Récents peu actifs
16852,10,2,144.91000000000003,Récents peu actifs
16855,24,2,328.4,Récents peu actifs
16856,15,1,35.400000000000006,Récents peu actifs
16858,369,1,375.69000000000005,Clients perdus
16859,145,2,747.81,Clients perdus
16861,60,2,173.76,Clients perdus
16863,31,2,502.8,Récents peu actifs
16866,141,3,207.73999999999998,Clients perdus
16869,23,4,817.12,Clients réguliers
16871,22,6,2812.34,Clients réguliers
16872,77,3,680.02,Clients réguliers
16873,5,6,7123.62,Meilleurs clients
16875,67,5,2095.53,Clients réguliers
16877,12,6,846.62,Clients réguliers
16878,84,1,13.3,Clients perdus
16880,31,7,1491.43,Clients réguliers
16881,67,1,432.0,Clients perdus
16882,67,3,705.12,Clients réguliers
16883,187,2,272.48,Clients perdus
16884,38,2,429.84000000000003,Récents peu actifs
16885,15,3,450.41,Récents peu actifs
16887,35,1,192.32999999999998,Récents peu actifs
16889,195,3,1578.67,Clients réguliers
16891,2,5,742.43,Récents peu actifs
16892,1,5,518.19,Récents peu actifs
16893,367,1,145.93,Clients perdus
16895,65,1,202.27,Clients perdus
16897,299,2,289.78,Clients perdus
16898,26,3,501.03,Récents peu actifs
16899,8,6,1271.06,Meilleurs clients
16900,17,3,882.16,Récents peu actifs
16902,116,1,1706.88,Clients réguliers
16903,29,1,363.2,Récents peu actifs
16904,4,16,3649.95,Meilleurs clients
16905,5,7,3037.6,Meilleurs clients
16906,82,4,559.59,Clients réguliers
16907,29,5,928.76,Clients réguliers
16909,72,1,379.14,Clients perdus
16910,4,8,1508.96,Meilleurs clients
16912,29,11,2555.58,Meilleurs clients
16913,290,1,113.44,Clients perdus
16914,36,1,183.76,Récents peu actifs
16915,9,6,621.6800000000001,Récents peu actifs
16916,24,2,562.41,Récents peu actifs
16917,277,1,391.52,Clients perdus
16918,50,6,1068.82,Clients réguliers
16919,156,11,2592.25,Clients réguliers
16921,61,1,154.18,Clients perdus
16923,12,19,7069.08,Meilleurs clients
16924,21,3,829.89,Récents peu actifs
16926,371,1,230.25,Clients perdus
16927,116,3,543.05,Clients réguliers
16928,80,17,2806.75,Meilleurs clients
16929,4,7,1295.39,Meilleurs clients
16930,26,3,378.89,Récents peu actifs
16931,5,21,4554.87,Meilleurs clients
16932,53,1,150.23000000000002,Clients perdus
16933,1,2,563.23,Récents peu actifs
16934,55,2,931.03,Clients réguliers
16936,26,1,261.9,Récents peu actifs
16938,9,4,2711.6800000000003,Clients réguliers
16940,52,3,3049.88,Clients réguliers
16942,13,9,1904.99,Meilleurs clients
16943,212,3,816.73,Clients réguliers
16945,22,19,4345.5,Meilleurs clients
16947,236,1,406.48,Clients perdus
16948,139,3,435.02,Clients perdus
16949,4,6,1286.27,Meilleurs clients
16950,57,3,1178.56,Clients réguliers
16951,135,3,1277.75,Clients réguliers
16952,109,2,167.61,Clients perdus
16953,30,1,20.8,Clients perdus
16954,1,9,2085.08,Meilleurs clients
16955,185,4,518.67,Clients réguliers
16956,18,1,308.74,Récents peu actifs
16957,239,2,416.64,Clients perdus
16959,87,1,117.35000000000001,Clients perdus
16960,39,3,505.1,Récents peu actifs
16961,116,1,234.17,Clients perdus
16963,187,1,110.55000000000001,Clients perdus
16965,227,1,192.07,Clients perdus
16966,8,7,2154.97,Meilleurs clients
16967,189,1,319.02,Clients perdus
16968,4,2,439.43,Récents peu actifs
16969,39,3,650.41,Clients réguliers
16971,38,1,357.21,Récents peu actifs
16976,267,1,251.51999999999998,Clients perdus
16978,78,1,344.33,Clients perdus
16979,4,6,1852.0,Meilleurs clients
16980,255,2,1028.46,Clients perdus
16982,61,1,384.06,Clients perdus
16983,13,7,1905.87,Meilleurs clients
16984,88,2,4459.52,Clients réguliers
16985,17,10,5464.12,Meilleurs clients
16986,30,2,1873.2,Clients réguliers
16987,3,7,1616.8,Meilleurs clients
16988,5,1,126.12,Récents peu actifs
16989,7,6,1133.25,Meilleurs clients
16990,219,1,179.0,Clients perdus
16992,11,5,1614.31,Clients réguliers
16996,30,6,1456.96,Clients réguliers
16997,288,3,702.0,Clients perdus
16998,150,4,295.0,Clients perdus
16999,23,2,484.82,Récents peu actifs
17001,1,11,3989.57,Meilleurs clients
17002,86,3,1493.73,Clients réguliers
17004,46,2,1312.1399999999999,Clients réguliers
17006,5,4,781.78,Récents peu actifs
17007,51,6,889.9300000000001,Clients réguliers
17010,18,1,195.36,Récents peu actifs
17011,30,1,270.9,Récents peu actifs
17014,8,3,583.4300000000001,Récents peu actifs
17015,29,3,1838.6100000000001,Clients réguliers
17017,3,20,8694.26,Meilleurs clients
17018,41,2,920.1,Clients réguliers
17019,11,4,1258.08,Clients réguliers
17022,31,1,71.0,Clients perdus
17024,45,3,95.85,Clients perdus
17025,61,3,357.77,Clients perdus
17026,185,2,154.82999999999998,Clients perdus
17027,79,6,877.5600000000001,Clients réguliers
17029,111,2,716.0,Clients perdus
17030,64,1,146.87,Clients perdus
17031,12,2,380.35,Récents peu actifs
17033,86,3,1030.14,Clients réguliers
17034,16,3,745.52,Récents peu actifs
17035,246,2,433.53000000000003,Clients perdus
17037,88,1,1267.32,Clients perdus
17038,30,1,112.4,Récents peu actifs
17040,138,1,449.73,Clients perdus
17041,27,3,1071.49,Clients réguliers
17042,3,5,1036.58,Récents peu actifs
17043,32,4,1735.18,Clients réguliers
17044,25,1,948.48,Récents peu actifs
17045,113,3,339.44,Clients perdus
17046,157,1,642.02,Clients perdus
17047,85,3,1100.9,Clients réguliers
17048,118,3,925.35,Clients réguliers
17049,3,9,5655.03,Meilleurs clients
17050,96,6,3185.64,Clients réguliers
17051,194,1,240.89000000000001,Clients perdus
17052,28,1,399.09,Récents peu actifs
17053,131,1,498.48,Clients perdus
17054,28,5,1356.33,Clients réguliers
17058,82,3,1179.89,Clients réguliers
17059,30,5,3080.39,Clients réguliers
17060,266,1,234.24,Clients perdus
17061,74,11,5232.2300000000005,Meilleurs clients
17062,314,4,528.29,Clients perdus
17063,21,7,1461.14,Clients réguliers
17064,59,3,855.45,Clients réguliers
17068,12,21,4545.89,Meilleurs clients
17069,28,9,2709.7000000000003,Meilleurs clients
17070,114,1,304.24,Clients perdus
17071,28,9,2429.03,Meilleurs clients
17073,18,4,1444.84,Clients réguliers
17075,18,4,834.12,Clients réguliers
17076,36,3,841.0799999999999,Clients réguliers
17078,36,2,375.86,Récents peu actifs
17079,78,1,118.80000000000001,Clients perdus
17080,22,2,287.62,Récents peu actifs
17081,25,2,288.91,Récents peu actifs
17082,33,2,2003.85,Clients réguliers
17083,109,3,1405.78,Clients réguliers
17084,35,2,2747.9900000000002,Clients réguliers
17085,123,5,1562.4,Clients réguliers
17086,7,6,2050.08,Meilleurs clients
17088,28,4,1991.01,Clients réguliers
17090,4,7,1974.65,Meilleurs clients
17091,3,9,3827.76,Meilleurs clients
17092,50,4,1774.03,Clients réguliers
17094,322,1,302.0,Clients perdus
17095,23,3,1324.16,Clients réguliers
17096,15,4,1022.13,Clients réguliers
17097,2,8,954.42,Meilleurs clients
17100,18,2,971.74,Récents peu actifs
17101,10,4,1621.73,Clients réguliers
17102,262,1,25.5,Clients perdus
17105,159,2,665.78,Clients perdus
17107,33,6,10797.48,Meilleurs clients
17109,29,6,881.29,Clients réguliers
17110,165,1,163.29999999999998,Clients perdus
17111,47,1,231.61,Clients perdus
17114,6,8,801.12,Meilleurs clients
17115,8,3,837.5,Récents peu actifs
17117,288,1,116.19999999999999,Clients perdus
17118,318,1,157.02,Clients perdus
17119,3,2,606.91,Récents peu actifs
17120,233,1,307.46,Clients perdus
17122,119,1,138.32,Clients perdus
17123,162,1,345.29999999999995,Clients perdus
17124,185,1,294.24,Clients perdus
17125,50,1,230.5,Clients perdus
17126,152,5,989.45,Clients réguliers
17128,335,1,157.09,Clients perdus
17131,5,5,2463.17,Meilleurs clients
17133,16,7,4892.240000000001,Meilleurs clients
17134,107,2,413.2,Clients perdus
17135,16,7,1139.73,Clients réguliers
17138,276,1,380.5,Clients perdus
17139,16,12,10650.77,Meilleurs clients
17140,247,1,454.12,Clients perdus
17142,239,1,579.0,Clients perdus
17144,1,2,984.57,Récents peu actifs
17146,106,3,749.78,Clients réguliers
17147,23,4,1714.59,Clients réguliers
17148,52,1,124.88,Clients perdus
17152,195,3,1689.5,Clients réguliers
17153,24,1,213.78,Récents peu actifs
17154,75,1,329.34,Clients perdus
17155,18,2,251.70000000000002,Récents peu actifs
17157,8,2,319.0,Récents peu actifs
17158,32,3,1266.97,Clients réguliers
17159,22,3,1538.88,Clients réguliers
17160,31,6,3518.03,Clients réguliers
17162,29,10,1715.46,Meilleurs clients
17163,22,2,293.1,Récents peu actifs
17164,33,7,2467.35,Clients réguliers
17165,284,1,158.68,Clients perdus
17166,39,2,206.34,Récents peu actifs
17169,58,2,835.78,Clients réguliers
17171,289,1,224.91,Clients perdus
17172,79,1,317.76,Clients perdus
17173,5,8,3766.6,Meilleurs clients
17174,218,1,59.9,Clients perdus
17175,44,4,1443.69,Clients réguliers
17176,202,1,306.13,Clients perdus
17179,178,3,711.79,Clients réguliers
17180,56,4,783.97,Clients réguliers
17181,57,2,239.92000000000002,Clients perdus
17183,8,6,3347.31,Meilleurs clients
17186,47,2,144.0,Clients perdus
17187,227,1,203.95,Clients perdus
17188,11,7,2474.23,Meilleurs clients
17189,106,2,383.75,Clients perdus
17190,59,2,444.74,Clients perdus
17191,28,7,2093.68,Clients réguliers
17193,36,7,1699.3000000000002,Clients réguliers
17194,361,1,226.78,Clients perdus
17197,30,1,1013.01,Récents peu actifs
17198,24,3,692.22,Récents peu actifs
17201,54,1,289.78,Clients perdus
17203,36,6,3560.08,Clients réguliers
17204,175,4,1564.56,Clients réguliers
17205,54,1,384.08,Clients perdus
17206,53,1,204.24,Clients perdus
17211,27,8,2317.2200000000003,Clients réguliers
17212,253,1,226.85,Clients perdus
17213,40,7,2781.23,Clients réguliers
17214,60,6,1059.1200000000001,Clients réguliers
17217,234,1,113.5,Clients perdus
17218,4,10,1951.97,Meilleurs clients
17219,32,1,114.23,Récents peu actifs
17220,24,14,3187.55,Meilleurs clients
17221,7,2,334.48,Récents peu actifs
17222,65,1,328.65,Clients perdus
17223,310,2,381.89,Clients perdus
17226,309,1,393.49,Clients perdus
17227,19,6,939.32,Clients réguliers
17228,16,8,1906.09,Meilleurs clients
17229,96,2,318.76,Clients perdus
17230,264,8,3638.41,Clients réguliers
17231,12,10,3124.72,Meilleurs clients
17232,3,2,417.77,Récents peu actifs
17233,35,1,190.88,Récents peu actifs
17234,183,1,149.89000000000001,Clients perdus
17235,25,2,550.06,Récents peu actifs
17236,13,6,916.13,Clients réguliers
17237,11,2,314.69,Récents peu actifs
17238,3,17,3719.1,Meilleurs clients
17239,313,1,382.5,Clients perdus
17242,108,2,1135.04,Clients réguliers
17243,1,26,8531.65,Meilleurs clients
17244,53,1,954.9,Clients perdus
17245,205,1,171.45,Clients perdus
17247,15,1,280.09000000000003,Récents peu actifs
17248,120,1,318.65,Clients perdus
17250,4,2,381.97,Récents peu actifs
17251,363,1,269.83,Clients perdus
17252,117,2,348.91,Clients perdus
17253,18,1,178.26,Récents peu actifs
17254,5,2,271.19,Récents peu actifs
17255,41,2,291.48,Récents peu actifs
17256,107,2,240.0,Clients perdus
17259,148,2,581.23,Clients perdus
17262,52,5,1253.3600000000001,Clients réguliers
17263,208,1,63.440000000000005,Clients perdus
17265,139,2,550.01,Clients perdus
17266,2,3,296.58,Récents peu actifs
17267,127,2,317.2,Clients perdus
17268,108,4,763.64,Clients réguliers
17272,42,4,2148.63,Clients réguliers
17274,35,1,107.82,Clients perdus
17277,228,2,1065.3500000000001,Clients perdus
17278,241,1,246.04,Clients perdus
17279,58,1,187.82999999999998,Clients perdus
17282,130,3,1685.46,Clients réguliers
17284,60,6,1647.48,Clients réguliers
17286,22,1,151.37,Récents peu actifs
17287,26,7,1049.06,Clients réguliers
17288,9,7,1417.63,Meilleurs clients
17289,32,3,931.02,Clients réguliers
17290,4,2,513.01,Récents peu actifs
17291,308,1,550.8000000000001,Clients perdus
17293,8,9,1854.06,Meilleurs clients
17295,29,3,547.0,Récents peu actifs
17297,17,1,128.18,Récents peu actifs
17298,101,2,498.42,Clients perdus
17299,12,4,656.61,Récents peu actifs
17301,21,1,163.24,Récents peu actifs
17302,15,5,1135.63,Clients réguliers
17303,361,1,250.04,Clients perdus
17306,11,19,8631.31,Meilleurs clients
17309,95,1,82.75,Clients perdus
17311,78,2,1384.85,Clients réguliers
17312,139,3,644.3,Clients réguliers
17313,31,1,2328.84,Clients réguliers
17314,25,8,2527.92,Meilleurs clients
17315,2,36,6241.15,Meilleurs clients
17317,46,3,2600.34,Clients réguliers
17320,100,3,1200.6200000000001,Clients réguliers
17321,8,2,657.16,Récents peu actifs
17323,15,7,903.12,Clients réguliers
17324,18,4,986.48,Clients réguliers
17325,280,1,96.8,Clients perdus
17329,14,2,523.11,Récents peu actifs
17330,23,2,363.9,Récents peu actifs
17331,124,1,175.2,Clients perdus
17333,86,1,494.25,Clients perdus
17334,302,2,307.02,Clients perdus
17337,151,4,1979.61,Clients réguliers
17338,17,8,6484.75,Meilleurs clients
17339,94,2,243.36,Clients perdus
17340,30,11,12353.29,Meilleurs clients
17341,157,3,682.29,Clients réguliers
17343,355,1,193.64,Clients perdus
17344,46,1,157.62,Clients perdus
17345,15,4,519.6899999999999,Récents peu actifs
17346,4,15,2622.88,Meilleurs clients
17347,86,1,228.96,Clients perdus
17348,15,5,1156.6,Clients réguliers
17349,179,1,98.25,Clients perdus
17350,8,4,1281.32,Récents peu actifs
17351,36,3,587.15,Clients réguliers
17353,129,2,1740.0,Clients réguliers
17354,51,1,1393.06,Clients réguliers
17356,312,1,178.22,Clients perdus
17357,24,2,384.39,Récents peu actifs
17358,303,2,360.81,Clients perdus
17359,11,1,127.86,Récents peu actifs
17360,17,3,568.24,Récents peu actifs
17361,49,3,488.2,Clients réguliers
17362,239,2,312.23,Clients perdus
17364,1,11,4462.68,Meilleurs clients
17365,13,8,4762.32,Meilleurs clients
17367,238,1,167.55,Clients perdus
17368,23,8,1878.87,Clients réguliers
17370,73,4,446.18,Clients réguliers
17371,17,3,418.4,Récents peu actifs
17372,41,8,1337.18,Clients réguliers
17373,40,4,646.92,Clients réguliers
17374,219,2,495.77,Clients perdus
17375,199,3,400.1,Clients perdus
17376,71,2,203.2,Clients perdus
17377,24,20,4058.32,Meilleurs clients
17379,11,1,389.71999999999997,Récents peu actifs
17381,9,29,20275.61,Meilleurs clients
17382,65,1,65.4,Clients perdus
17383,4,1,193.39000000000001,Récents peu actifs
17384,19,2,336.4,Récents peu actifs
17385,15,1,256.11,Récents peu actifs
17386,8,6,2686.42,Meilleurs clients
17387,20,2,746.81,Récents peu actifs
17388,78,4,1259.56,Clients réguliers
17389,1,34,31833.68,Meilleurs clients
17391,164,2,508.8,Clients perdus
17392,307,2,411.27,Clients perdus
17394,219,1,203.86999999999998,Clients perdus
17396,39,7,7312.8,Meilleurs clients
17397,22,2,681.41,Récents peu actifs
17398,115,3,653.38,Clients réguliers
17400,126,5,2097.84,Clients réguliers
17402,5,12,2598.85,Meilleurs clients
17403,36,1,263.92,Récents peu actifs
17404,4,13,31781.82,Meilleurs clients
17405,1,3,1031.41,Récents peu actifs
17406,333,3,2184.42,Clients réguliers
17408,163,1,32.65,Clients perdus
17409,185,2,771.85,Clients perdus
17410,16,5,1214.72,Clients réguliers
17411,12,3,778.94,Récents peu actifs
17412,3,7,1258.06,Meilleurs clients
17414,44,2,778.0,Clients réguliers
17415,80,1,507.84,Clients perdus
17416,30,7,6893.42,Meilleurs clients
17418,42,2,463.46000000000004,Récents peu actifs
17419,11,12,4226.57,Meilleurs clients
17420,50,3,598.83,Clients réguliers
17422,16,6,1979.37,Clients réguliers
17423,46,2,698.41,Clients réguliers
17425,19,2,759.17,Récents peu actifs
17426,8,6,5037.26,Meilleurs clients
17427,72,1,100.8,Clients perdus
17428,1,28,17256.85,Meilleurs clients
17429,128,3,524.9200000000001,Clients perdus
17430,33,2,265.76,Récents peu actifs
17431,313,1,403.3,Clients perdus
17432,18,2,365.76,Récents peu actifs
17433,88,1,303.15999999999997,Clients perdus
17434,2,7,2373.82,Meilleurs clients
17436,2,2,216.29999999999998,Récents peu actifs
17438,254,1,388.45000000000005,Clients perdus
17440,157,3,186.42000000000002,Clients perdus
17442,37,6,2248.56,Clients réguliers
17443,220,1,534.24,Clients perdus
17444,152,2,2389.1,Clients réguliers
17446,177,2,120.9,Clients perdus
17447,40,2,541.53,Récents peu actifs
17449,2,7,2516.21,Meilleurs clients
17450,8,46,194390.79,Meilleurs clients
17451,1,7,1721.4,Meilleurs clients
17453,18,2,486.71999999999997,Récents peu actifs
17454,192,4,517.53,Clients réguliers
17455,204,1,131.7,Clients perdus
17456,365,1,249.86,Clients perdus
17457,127,5,1737.7,Clients réguliers
17458,15,1,316.5,Récents peu actifs
17459,43,2,657.3,Récents peu actifs
17460,94,6,622.4300000000001,Clients réguliers
17461,23,3,735.82,Récents peu actifs
17462,60,2,675.69,Clients réguliers
17463,16,5,1875.86,Clients réguliers
17464,158,1,289.96000000000004,Clients perdus
17466,10,2,763.28,Récents peu actifs
17468,10,2,137.0,Récents peu actifs
17469,16,5,1870.97,Clients réguliers
17470,45,5,1125.07,Clients réguliers
17472,191,3,697.54,Clients perdus
17475,79,1,194.37,Clients perdus
17480,78,1,511.82,Clients perdus
17481,4,4,1255.59,Récents peu actifs
17483,65,3,414.04,Clients réguliers
17486,261,1,396.87,Clients perdus
17489,59,2,376.64,Clients perdus
17490,1,7,2092.32,Meilleurs clients
17491,1,10,3558.87,Meilleurs clients
17492,248,1,374.57,Clients perdus
17495,8,2,497.56,Récents peu actifs
17496,359,1,271.05,Clients perdus
17498,76,1,272.22,Clients perdus
17499,290,1,622.88,Clients perdus
17500,17,3,1138.0,Clients réguliers
17501,221,2,288.6,Clients perdus
17502,9,4,689.1,Récents peu actifs
17503,3,2,558.96,Récents peu actifs
17504,206,9,2997.0299999999997,Clients réguliers
17505,162,2,1145.84,Clients réguliers
17506,76,1,302.2,Clients perdus
17507,262,2,605.58,Clients perdus
17508,281,1,387.31,Clients perdus
17509,58,8,6083.64,Clients réguliers
17510,25,1,308.48,Récents peu actifs
17511,3,31,91062.38,Meilleurs clients
17512,29,10,2924.9900000000002,Meilleurs clients
17513,72,1,513.2,Clients perdus
17514,128,1,208.65,Clients perdus
17515,31,4,639.02,Clients réguliers
17516,15,5,764.88,Clients réguliers
17517,309,1,153.94,Clients perdus
17519,17,6,1844.02,Clients réguliers
17520,54,1,546.81,Clients perdus
17521,30,3,723.2099999999999,Clients réguliers
17522,2,5,1066.15,Meilleurs clients
17523,11,4,652.74,Récents peu actifs
17524,361,1,145.0,Clients perdus
17525,360,1,422.70000000000005,Clients perdus
17526,5,4,1195.8999999999999,Récents peu actifs
17527,54,4,939.37,Clients réguliers
17528,1,8,3628.5,Meilleurs clients
17530,1,10,2362.53,Meilleurs clients
17531,190,1,296.7,Clients perdus
17534,54,1,223.36,Clients perdus
17535,280,1,164.4,Clients perdus
17536,177,1,76.5,Clients perdus
17537,30,2,887.67,Récents peu actifs
17538,26,1,98.42,Récents peu actifs
17540,25,2,578.9,Récents peu actifs
17542,270,1,170.75,Clients perdus
17545,43,3,642.32,Clients réguliers
17548,234,1,103.3,Clients perdus
17549,24,2,148.86,Récents peu actifs
17550,197,3,267.16,Clients perdus
17551,359,1,290.34,Clients perdus
17552,60,4,930.41,Clients réguliers
17553,130,1,1487.6,Clients perdus
17554,1,5,1952.45,Meilleurs clients
17555,20,2,480.31,Récents peu actifs
17556,206,1,157.9,Clients perdus
17557,14,3,541.46,Récents peu actifs
17560,95,4,854.95,Clients réguliers
17561,19,1,165.12,Récents peu actifs
17562,14,7,1122.38,Clients réguliers
17564,24,3,454.01,Récents peu actifs
17566,8,2,869.77,Récents peu actifs
17567,7,8,4331.48,Meilleurs clients
17569,332,1,344.14,Clients perdus
17571,50,4,1424.42,Clients réguliers
17572,71,4,226.75000000000003,Clients perdus
17573,29,3,380.6,Récents peu actifs
17574,243,1,185.65,Clients perdus
17576,8,19,3564.83,Meilleurs clients
17578,218,1,143.45999999999998,Clients perdus
17579,5,3,448.90000000000003,Récents peu actifs
17580,253,3,212.77,Clients perdus
17581,1,25,11025.24,Meilleurs clients
17582,236,1,175.27,Clients perdus
17584,7,2,1242.3,Récents peu actifs
17585,109,4,1116.68,Clients réguliers
17588,100,3,1240.2,Clients réguliers
17589,60,4,2402.92,Clients réguliers
17590,2,3,1466.77,Récents peu actifs
17591,73,7,2203.67,Clients réguliers
17593,4,5,3923.86,Meilleurs clients
17594,85,2,993.18,Clients réguliers
17595,12,2,386.69,Récents peu actifs
17596,23,7,2806.69,Meilleurs clients
17597,214,1,2044.3700000000001,Clients perdus
17600,18,1,161.67000000000002,Récents peu actifs
17601,239,1,116.00999999999999,Clients perdus
17602,2,6,5054.42,Meilleurs clients
17603,78,1,394.72,Clients perdus
17604,217,2,309.36,Clients perdus
17608,33,2,191.99,Récents peu actifs
17609,41,5,1098.28,Clients réguliers
17611,7,15,3961.12,Meilleurs clients
17612,53,6,2048.45,Clients réguliers
17613,23,14,4544.55,Meilleurs clients
17614,57,1,386.32,Clients perdus
17615,130,3,329.6,Clients perdus
17616,174,3,571.1999999999999,Clients perdus
17618,6,3,930.28,Récents peu actifs
17619,312,1,214.37,Clients perdus
17620,60,1,81.44,Clients perdus
17621,21,3,1379.9,Clients réguliers
17623,33,1,527.0500000000001,Récents peu actifs
17624,15,2,843.48,Récents peu actifs
17625,18,4,2020.4,Clients réguliers
17628,81,1,75.75,Clients perdus
17629,6,8,1814.12,Meilleurs clients
17630,170,2,503.59999999999997,Clients perdus
17631,2,3,528.33,Récents peu actifs
17633,31,4,1324.84,Clients réguliers
17634,36,9,2358.59,Clients réguliers
17636,19,1,285.56,Récents peu actifs
17637,31,2,547.0600000000001,Récents peu actifs
17639,276,1,108.5,Clients perdus
17640,87,1,621.66,Clients perdus
17642,120,2,712.29,Clients perdus
17643,373,1,101.55,Clients perdus
17644,1,11,2895.64,Meilleurs clients
17646,219,3,1008.39,Clients réguliers
17647,65,1,133.06,Clients perdus
17648,61,4,1797.5,Clients réguliers
17649,138,1,868.49,Clients perdus
17650,21,1,166.08,Récents peu actifs
17651,12,10,3945.0,Meilleurs clients
17652,25,12,4867.72,Meilleurs clients
17653,37,4,1207.56,Clients réguliers
17654,277,1,117.55,Clients perdus
17655,11,7,2638.94,Meilleurs clients
17656,73,5,1674.69,Clients réguliers
17658,26,2,595.42,Récents peu actifs
17659,17,12,2999.46,Meilleurs clients
17660,141,1,178.75,Clients perdus
17663,26,7,1802.91,Clients réguliers
17664,19,2,604.64,Récents peu actifs
17666,4,2,728.16,Récents peu actifs
17667,66,5,2055.51,Clients réguliers
17668,1,2,347.75,Récents peu actifs
17669,43,7,3406.7200000000003,Clients réguliers
17670,228,1,205.7,Clients perdus
17671,16,4,1572.71,Clients réguliers
17672,50,2,3178.17,Clients réguliers
17673,2,6,1594.97,Meilleurs clients
17674,74,2,551.04,Clients perdus
17675,1,31,20374.28,Meilleurs clients
17676,4,6,1371.18,Meilleurs clients
17677,2,30,16345.38,Meilleurs clients
17678,264,1,298.11,Clients perdus
17679,53,2,1992.1100000000001,Clients réguliers
17680,24,1,184.4,Récents peu actifs
17682,10,6,2474.33,Meilleurs clients
17684,44,1,239.41,Clients perdus
17685,17,7,3155.83,Meilleurs clients
17686,7,7,5739.46,Meilleurs clients
17690,30,15,4726.8,Meilleurs clients
17691,358,2,290.40000000000003,Clients perdus
17692,127,4,725.5799999999999,Clients réguliers
17693,137,1,200.47,Clients perdus
17694,142,1,283.12,Clients perdus
17695,132,2,765.34,Clients perdus
17696,38,8,2285.71,Clients réguliers
17697,236,1,338.95,Clients perdus
17698,261,1,154.95,Clients perdus
17700,17,4,2534.64,Clients réguliers
17701,253,1,417.95,Clients perdus
17702,30,4,1824.37,Clients réguliers
17703,35,3,798.74,Clients réguliers
17704,169,2,885.19,Clients perdus
17705,3,9,1823.52,Meilleurs clients
17706,4,17,10504.49,Meilleurs clients
17707,185,2,152.4,Clients perdus
17708,188,2,263.33,Clients perdus
17709,170,1,137.45,Clients perdus
17711,11,2,385.1,Récents peu actifs
17712,45,1,522.91,Récents peu actifs
17714,321,1,153.0,Clients perdus
17715,201,1,326.4,Clients perdus
17716,23,11,5655.99,Meilleurs clients
17718,232,1,139.35,Clients perdus
17719,38,15,5396.04,Meilleurs clients
17720,26,4,1195.94,Clients réguliers
17722,96,4,2424.04,Clients réguliers
17723,127,6,3276.4000000000005,Clients réguliers
17724,71,3,1033.0,Clients réguliers
17725,16,11,3439.08,Meilleurs clients
17727,15,1,1060.25,Récents peu actifs
17728,4,3,2876.01,Meilleurs clients
17730,3,13,5298.4800000000005,Meilleurs clients
17731,79,4,1240.11,Clients réguliers
17732,373,1,303.97,Clients perdus
17733,39,2,692.19,Récents peu actifs
17734,54,3,700.63,Clients réguliers
17735,2,19,13110.02,Meilleurs clients
17736,9,3,377.44,Récents peu actifs
17737,9,2,168.24,Récents peu actifs
17738,19,4,1879.05,Clients réguliers
17739,12,7,2791.35,Meilleurs clients
17742,113,2,355.11,Clients perdus
17744,4,6,2322.4,Meilleurs clients
17746,240,1,110.25,Clients perdus
17747,113,1,71.4,Clients perdus
17749,178,2,674.52,Clients perdus
17750,5,9,1694.16,Meilleurs clients
17752,359,1,80.64,Clients perdus
17754,1,5,1664.65,Meilleurs clients
17757,1,30,5589.4400000000005,Meilleurs clients
17758,19,8,3408.2000000000003,Meilleurs clients
17759,17,3,818.71,Récents peu actifs
17760,22,2,287.59,Récents peu actifs
17761,33,1,712.78,Récents peu actifs
17763,263,1,15.0,Clients perdus
17764,51,2,772.55,Clients réguliers
17765,159,3,367.63,Clients perdus
17767,15,1,271.2,Récents peu actifs
17768,8,3,2081.9,Clients réguliers
17769,13,10,3957.43,Meilleurs clients
17770,199,5,1143.27,Clients réguliers
17771,57,2,245.33,Clients perdus
17772,11,2,173.45,Récents peu actifs
17774,97,4,1213.73,Clients réguliers
17775,255,1,56.4,Clients perdus
17777,25,3,647.56,Récents peu actifs
17779,21,3,650.32,Récents peu actifs
17781,159,2,188.02,Clients perdus
17783,72,2,283.47,Clients perdus
17785,53,1,131.94,Clients perdus
17786,85,2,266.85,Clients perdus
17787,153,4,1817.54,Clients réguliers
17788,74,2,1112.95,Clients réguliers
17789,281,1,225.9,Clients perdus
17790,27,14,1964.3,Meilleurs clients
17791,30,1,106.1,Récents peu actifs
17793,25,1,300.34,Récents peu actifs
17795,180,2,342.83,Clients perdus
17796,40,4,690.0,Clients réguliers
17797,22,3,780.43,Récents peu actifs
17799,22,10,3039.17,Meilleurs clients
17800,37,9,1186.21,Clients réguliers
17802,82,3,1285.04,Clients réguliers
17805,74,1,512.31,Clients perdus
17806,11,1,546.04,Récents peu actifs
17809,16,12,5411.91,Meilleurs clients
17811,4,39,7755.12,Meilleurs clients
17812,13,4,699.81,Récents peu actifs
17813,14,5,1698.07,Clients réguliers
17816,37,4,36.56,Récents peu actifs
17817,4,3,387.68,Récents peu actifs
17819,72,7,3704.87,Clients réguliers
17824,51,1,298.4,Clients perdus
17827,5,5,1987.33,Meilleurs clients
17828,23,4,1165.09,Clients réguliers
17829,299,1,889.24,Clients perdus
17830,2,3,398.7,Récents peu actifs
17831,33,1,35.400000000000006,Clients perdus
17832,50,1,155.37,Clients perdus
17835,3,3,342.24,Récents peu actifs
17836,47,1,109.83,Clients perdus
17837,42,8,1535.33,Clients réguliers
17838,27,5,2720.8,Clients réguliers
17839,42,1,318.15,Clients perdus
17841,2,124,40495.99,Meilleurs clients
17843,303,1,197.73,Clients perdus
17844,107,1,51.559999999999995,Clients perdus
17848,81,9,901.1999999999999,Clients réguliers
17849,218,4,605.8000000000001,Clients réguliers
17850,372,34,5391.21,Meilleurs clients
17852,12,2,114.34,Récents peu actifs
17854,185,2,311.26,Clients perdus
17855,373,1,208.97,Clients perdus
17856,2,4,1418.03,Récents peu actifs
17857,4,22,25301.54,Meilleurs clients
17858,6,12,5140.66,Meilleurs clients
17859,305,1,141.92000000000002,Clients perdus
17860,369,1,226.45000000000002,Clients perdus
17861,3,8,2097.88,Meilleurs clients
17862,324,1,330.9,Clients perdus
17863,59,6,3160.0,Clients réguliers
17864,13,3,554.85,Récents peu actifs
17865,31,20,10524.220000000001,Meilleurs clients
17866,143,1,329.65,Clients perdus
17867,30,6,1157.8700000000001,Clients réguliers
17869,107,5,428.18,Clients réguliers
17870,2,12,1865.89,Meilleurs clients
17871,205,1,155.9,Clients perdus
17873,80,5,1719.5800000000002,Clients réguliers
17874,185,6,683.46,Clients réguliers
17877,170,1,237.61,Clients perdus
17878,44,1,379.45,Clients perdus
17879,174,1,178.51999999999998,Clients perdus
17880,365,1,458.92,Clients perdus
17881,304,1,133.35000000000002,Clients perdus
17883,3,4,664.34,Récents peu actifs
17884,4,4,695.0699999999999,Récents peu actifs
17885,12,1,156.34,Récents peu actifs
17886,32,3,869.28,Clients réguliers
17887,129,1,111.35,Clients perdus
17888,21,8,716.0,Clients réguliers
17889,212,2,201.37,Clients perdus
17890,323,2,586.89,Clients perdus
17891,162,1,203.85999999999999,Clients perdus
17892,56,3,244.1,Clients perdus
17893,225,1,107.21,Clients perdus
17894,72,8,1118.54,Clients réguliers
17895,44,1,95.45,Clients perdus
17896,23,1,256.32,Récents peu actifs
17897,173,3,541.8100000000001,Clients perdus
17898,85,2,152.06,Clients perdus
17899,159,1,154.55,Clients perdus
17900,190,2,112.19999999999999,Clients perdus
17901,29,1,110.38,Récents peu actifs
17904,21,1,181.07,Récents peu actifs
17905,71,4,798.99,Clients réguliers
17906,247,1,72.9,Clients perdus
17908,374,1,232.03,Clients perdus
17911,9,1,366.23,Récents peu actifs
17912,310,5,310.06,Clients perdus
17913,59,2,408.65,Clients perdus
17914,4,1,329.36,Récents peu actifs
17917,45,3,335.03,Récents peu actifs
17919,88,1,1304.04,Clients perdus
17920,4,17,4107.6,Meilleurs clients
17921,64,4,820.23,Clients réguliers
17923,282,1,207.50000000000003,Clients perdus
17924,12,7,2962.5,Meilleurs clients
17925,373,1,244.08,Clients perdus
17926,133,2,397.29,Clients perdus
17928,45,2,184.46,Clients perdus
17929,11,4,843.0,Récents peu actifs
17930,36,5,1740.48,Clients réguliers
17931,134,2,408.36,Clients perdus
17932,29,3,1331.57,Clients réguliers
17934,52,2,704.25,Clients réguliers
17935,138,2,142.89,Clients perdus
17936,5,1,380.13,Récents peu actifs
17937,9,7,4301.22,Meilleurs clients
17939,160,1,99.14,Clients perdus
17940,49,9,2152.1800000000003,Clients réguliers
17941,131,1,304.56,Clients perdus
17942,8,1,77.50000000000001,Récents peu actifs
17946,233,2,149.57999999999998,Clients perdus
17947,37,1,176.68,Clients perdus
17948,147,1,358.56000000000006,Clients perdus
17949,1,44,58030.48,Meilleurs clients
17950,72,3,482.2,Clients réguliers
17951,40,3,1008.5400000000001,Clients réguliers
17954,5,12,2314.13,Meilleurs clients
17955,199,4,557.3,Clients réguliers
17956,249,1,12.75,Clients perdus
17957,66,1,110.72,Clients perdus
17958,117,1,508.4599999999999,Clients perdus
17960,171,1,73.78,Clients perdus
17961,21,39,1296.44,Meilleurs clients
17962,142,1,102.41,Clients perdus
17964,32,2,463.21,Récents peu actifs
17965,38,14,2599.19,Meilleurs clients
17966,38,5,1098.43,Clients réguliers
17967,372,1,112.27,Clients perdus
17968,374,1,265.1,Clients perdus
17969,166,2,228.2,Clients perdus
17970,211,1,562.79,Clients perdus
17972,242,1,135.19,Clients perdus
17973,52,1,337.04,Clients perdus
17974,25,3,703.99,Récents peu actifs
17975,15,13,4479.96,Meilleurs clients
17976,372,1,321.79,Clients perdus
17977,29,1,288.14,Récents peu actifs
17978,365,1,300.91999999999996,Clients perdus
17979,36,4,729.01,Clients réguliers
17980,166,3,811.45,Clients réguliers
17984,145,1,152.68,Clients perdus
17985,22,1,631.35,Récents peu actifs
17986,56,1,20.8,Clients perdus
17987,185,1,198.57,Clients perdus
17988,12,7,201.12,Récents peu actifs
17990,237,3,630.84,Clients perdus
17991,225,2,93.35,Clients perdus
17994,122,4,674.89,Clients réguliers
17995,282,1,76.1,Clients perdus
17997,74,8,1962.46,Clients réguliers
17999,37,2,380.39,Récents peu actifs
18001,12,2,415.13,Récents peu actifs
18004,362,1,157.92,Clients perdus
18005,4,2,226.47,Récents peu actifs
18006,23,1,444.68,Récents peu actifs
18008,70,9,2116.19,Clients réguliers
18009,235,1,247.39,Clients perdus
18010,257,1,174.8,Clients perdus
18011,373,1,102.78999999999999,Clients perdus
18013,155,2,187.29,Clients perdus
18014,28,1,154.27,Récents peu actifs
18015,4,1,120.03,Récents peu actifs
18016,32,5,1477.66,Clients réguliers
18017,81,3,523.0,Clients réguliers
18018,108,2,122.14,Clients perdus
18019,52,1,38.45,Clients perdus
18022,36,1,612.72,Récents peu actifs
18024,153,2,389.78,Clients perdus
18027,99,1,115.31,Clients perdus
18030,4,2,230.64999999999998,Récents peu actifs
18032,334,1,73.5,Clients perdus
18033,65,1,93.82000000000001,Clients perdus
18034,22,2,418.68,Récents peu actifs
18035,36,3,713.89,Clients réguliers
18036,32,3,403.12,Récents peu actifs
18037,154,6,70.02,Clients perdus
18040,19,2,357.20000000000005,Récents peu actifs
18041,12,21,4097.37,Meilleurs clients
18042,54,1,165.04999999999998,Clients perdus
18043,25,3,529.29,Récents peu actifs
18044,4,10,2088.6,Meilleurs clients
18045,45,1,178.34,Clients perdus
18048,203,2,172.29000000000002,Clients perdus
18050,359,1,74.4,Clients perdus
18053,71,1,300.02,Clients perdus
18055,7,10,6761.34,Meilleurs clients
18056,288,1,363.65,Clients perdus
18058,10,1,170.16,Récents peu actifs
18059,23,3,306.46,Récents peu actifs
18061,22,10,2119.41,Meilleurs clients
18062,173,3,720.52,Clients réguliers
18064,133,2,814.0,Clients perdus
18065,6,14,2392.83,Meilleurs clients
18066,75,1,318.0,Clients perdus
18067,40,1,396.33,Récents peu actifs
18068,289,1,101.69999999999999,Clients perdus
18069,26,5,2009.24,Clients réguliers
18071,258,2,453.0,Clients perdus
18072,186,1,247.44,Clients perdus
18073,114,12,3859.82,Clients réguliers
18074,374,1,489.6,Clients perdus
18075,23,10,2611.75,Meilleurs clients
18077,8,11,2584.41,Meilleurs clients
18078,217,2,336.13,Clients perdus
18079,45,4,3613.15,Clients réguliers
18080,19,2,1231.5,Récents peu actifs
18081,36,3,343.45,Récents peu actifs
18082,26,1,680.84,Récents peu actifs
18084,16,1,90.47999999999999,Récents peu actifs
18085,330,2,689.95,Clients perdus
18086,274,1,101.34,Clients perdus
18087,291,1,3202.9199999999996,Clients réguliers
18088,61,1,166.03,Clients perdus
18092,2,11,9068.26,Meilleurs clients
18093,93,4,2106.52,Clients réguliers
18094,82,7,3017.3,Clients réguliers
18095,313,2,580.0500000000001,Clients perdus
18096,12,3,849.06,Récents peu actifs
18097,8,6,2662.4,Meilleurs clients
18099,127,1,168.31,Clients perdus
18101,11,2,222.4,Récents peu actifs
18102,1,60,259657.3,Meilleurs clients
18104,37,1,754.64,Récents peu actifs
18105,38,1,113.48000000000002,Clients perdus
18106,330,1,421.9,Clients perdus
18108,254,1,271.0,Clients perdus
18109,2,26,8004.92,Meilleurs clients
18110,20,1,198.8,Récents peu actifs
18112,12,2,352.69,Récents peu actifs
18113,369,1,76.32000000000001,Clients perdus
18114,290,1,220.1,Clients perdus
18116,68,8,1399.51,Clients réguliers
18117,26,1,314.4,Récents peu actifs
18118,11,26,5622.68,Meilleurs clients
18119,368,1,180.7,Clients perdus
18120,214,1,111.15,Clients perdus
18121,149,2,653.3,Clients perdus
18122,8,6,1791.84,Meilleurs clients
18123,24,2,574.4399999999999,Récents peu actifs
18125,30,4,1131.75,Clients réguliers
18126,61,1,198.58,Clients perdus
18127,19,3,347.08,Récents peu actifs
18129,243,1,112.55000000000001,Clients perdus
18130,15,3,1059.39,Récents peu actifs
18133,212,1,931.4999999999999,Clients perdus
18135,29,5,681.9100000000001,Clients réguliers
18136,63,3,784.33,Clients réguliers
18138,295,1,152.65,Clients perdus
18139,18,6,8438.34,Meilleurs clients
18142,157,2,1019.52,Clients réguliers
18143,117,2,1000.16,Clients réguliers
18144,8,12,2888.75,Meilleurs clients
18145,13,4,2861.55,Clients réguliers
18146,141,2,160.35000000000002,Clients perdus
18147,46,2,179.33999999999997,Clients perdus
18149,51,3,612.0799999999999,Clients réguliers
18150,32,3,566.58,Récents peu actifs
18151,135,2,653.35,Clients perdus
18154,3,2,399.19,Récents peu actifs
18155,75,3,371.62,Clients perdus
18156,13,2,675.64,Récents peu actifs
18158,9,2,453.4,Récents peu actifs
18159,301,1,530.15,Clients perdus
18160,57,2,638.0600000000001,Clients réguliers
18161,15,5,1618.69,Clients réguliers
18164,37,1,399.65000000000003,Récents peu actifs
18165,177,1,302.46000000000004,Clients perdus
18167,23,3,1384.8600000000001,Clients réguliers
18168,176,6,1160.04,Clients réguliers
18169,61,1,202.65,Clients perdus
18170,33,3,980.31,Clients réguliers
18171,59,5,1231.31,Clients réguliers
18172,15,20,7561.68,Meilleurs clients
18173,87,4,2106.84,Clients réguliers
18174,7,1,104.0,Récents peu actifs
18176,358,1,476.35,Clients perdus
18177,31,6,1340.8700000000001,Clients réguliers
18178,129,4,1590.81,Clients réguliers
18179,9,6,1793.17,Meilleurs clients
18180,5,6,1843.75,Meilleurs clients
18181,24,1,366.85,Récents peu actifs
18183,227,2,632.07,Clients perdus
18184,15,1,49.8,Récents peu actifs
18185,249,1,304.25,Clients perdus
18188,15,3,2001.04,Clients réguliers
18189,78,2,1090.24,Clients réguliers
18190,192,2,284.46000000000004,Clients perdus
18191,262,1,207.79999999999998,Clients perdus
18192,72,1,957.97,Clients perdus
18193,165,1,243.76,Clients perdus
18194,82,1,973.8399999999999,Clients perdus
18196,95,2,686.63,Clients perdus
18198,4,17,5425.56,Meilleurs clients
18200,106,1,150.35,Clients perdus
18202,200,3,1396.99,Clients réguliers
18203,157,1,160.42000000000002,Clients perdus
18204,71,3,1975.35,Clients réguliers
18205,36,2,517.36,Récents peu actifs
18209,29,1,139.10000000000002,Récents peu actifs
18210,2,6,2621.38,Meilleurs clients
18211,26,5,600.07,Clients réguliers
18212,326,1,216.07,Clients perdus
18213,237,1,232.48000000000002,Clients perdus
18215,89,1,299.34000000000003,Clients perdus
18216,31,1,481.75,Récents peu actifs
18217,29,2,621.75,Récents peu actifs
18218,211,2,641.92,Clients perdus
18219,3,10,2069.77,Meilleurs clients
18220,227,1,305.28000000000003,Clients perdus
18221,22,5,1041.61,Clients réguliers
18222,93,1,443.0,Clients perdus
18223,5,14,6484.54,Meilleurs clients
18224,264,1,158.95000000000002,Clients perdus
18225,3,12,5504.96,Meilleurs clients
18226,44,11,5228.05,Meilleurs clients
18227,218,1,93.75,Clients perdus
18228,57,2,779.9,Clients réguliers
18229,12,20,7276.900000000001,Meilleurs clients
18230,9,7,2810.2000000000003,Meilleurs clients
18231,192,5,2071.77,Clients réguliers
18232,82,4,592.97,Clients réguliers
18233,326,1,440.0,Clients perdus
18235,72,3,1796.48,Clients réguliers
18236,30,6,882.24,Clients réguliers
18237,3,5,987.1,Récents peu actifs
18239,219,5,1561.6100000000001,Clients réguliers
18240,46,1,422.58,Clients perdus
18241,10,17,2073.09,Meilleurs clients
18242,72,4,2232.4900000000002,Clients réguliers
18245,7,7,2567.06,Meilleurs clients
18246,24,2,596.1,Récents peu actifs
18248,123,2,804.02,Clients perdus
18249,17,1,95.34,Récents peu actifs
18250,310,1,349.27,Clients perdus
18251,87,1,4314.72,Clients réguliers
18252,51,2,518.27,Récents peu actifs
18255,89,1,103.3,Clients perdus
18257,39,8,2337.63,Clients réguliers
18259,25,3,2338.6000000000004,Clients réguliers
18260,173,6,2628.35,Clients réguliers
18261,43,2,324.24,Récents peu actifs
18262,140,1,149.48,Clients perdus
18263,26,3,1213.1599999999999,Clients réguliers
18265,72,2,801.51,Clients réguliers
18268,134,1,25.5,Clients perdus
18269,366,1,168.6,Clients perdus
18270,38,2,283.15,Récents peu actifs
18272,3,6,3078.58,Meilleurs clients
18273,2,3,204.0,Récents peu actifs
18274,30,1,175.92,Récents peu actifs
18276,44,1,335.86,Clients perdus
18277,58,1,110.38,Clients perdus
18278,74,1,173.9,Clients perdus
18280,278,1,180.60000000000002,Clients perdus
18281,181,1,80.82,Clients perdus
18282,8,2,178.05,Récents peu actifs
18283,4,16,2039.58,Meilleurs clients
18287,43,3,1837.28,Clients réguliers
